artist,album
스윙스,쇼미더머니 8 Episode 1
BIG Naughty (서동현),쇼미더머니 8 Episode 4
오마이걸 (OH MY GIRL),퀸덤 <커버곡 경연> Part.2
YUNB,쇼미더머니 8 Episode 3
Woodie Gochild,쇼미더머니 8 Episode 2
폴킴,"정규 2집 '마음, 하나'"
보이비,유플래쉬
i-dle (아이들),퀸덤 <FINAL 컴백 싱글>
마마무 (Mamamoo),퀸덤 <FINAL 컴백 싱글>
오마이걸 (OH MY GIRL),퀸덤 <FINAL 컴백 싱글>
태연 (TAEYEON),겨울왕국 2 (한국어 버전)
임영웅,내일은 미스터트롯 트롯 에이드 베스트
영탁,내일은 미스터트롯 데스매치 PART1
영탁,내일은 미스터트롯 결승전 베스트
임영웅,내일은 미스터트롯 예선곡 베스트
임영웅,내일은 미스터트롯 레전드 미션 베스트
이상순,두리쥬와 X LINDA X 신난다
임영웅,사랑의 콜센타 PART19
기리보이,영화같게
에일리(Ailee),I'm
경서예지,사실 나는
로꼬,SOME TIME
임창정,하루도 그대를 사랑하지 않은 적이 없었다
규현 (KYUHYUN),내 마음을 누르는 일 (Daystar)
NCT U,NCT RESONANCE Pt. 1 - The 2nd Album
이우,소개팅 날
임창정,I'M
펀치 (Punch),너의 목소리
임창정,힘든 건 사랑이 아니다
Crush,with HER
마마무 (Mamamoo),딩가딩가 (Dingga)
이수현,ALIEN
먼데이 키즈,"사랑 못해, 남들 쉽게 다 하는 거"
XIA (준수),사랑하고 싶지 않아 (바른연애 길잡이 X XIA (준수))
송하예,Happy
장범준,잠이 오질 않네요
세븐틴 (SEVENTEEN),SEVENTEEN Special Album '; [Semicolon]'
스탠딩 에그,사랑하는 너에게 (취향저격 그녀 X 스탠딩 에그)
적재,나랑 같이 걸을래 (바른연애 길잡이 X 적재)
TWICE (트와이스),Eyes wide open
폴킴,너도 아는
케이시 (Kassy),추(秋)억
노을,너의 곁에만 맴돌아
MINO (송민호),TAKE
마마무 (Mamamoo),TRAVEL
볼빨간사춘기,Filmlet
잔나비,잔나비 소곡집 l
다비치,스타트업 OST Part.7
다이나믹 듀오,SOON
임영웅,HERO
V.O.S,니 이름 불렀나 봐
여자친구 (GFRIEND),回:Walpurgis Night
이승철,이승철 35주년 기념 앨범 Special 'My Love'
로꼬,너의 하루 (바른연애 길잡이 X 로꼬)
에릭남 (Eric Nam),"끌림 (바니와 오빠들 X 에릭남 (Eric Nam), 이나은 (에이프릴))"
창모 (CHANGMO),광장동에서
이승기,뻔한남자
경서,밤하늘의 별을(2020)
AKMU (악뮤),HAPPENING
방탄소년단,BE
미란이 (MIRANI),쇼미더머니 9 Episode 1
길구봉구,알았다면
김나영,니가 없다면
코드 쿤스트 (CODE KUNST),RECONNECT
릴보이 (lIlBOI),쇼미더머니 9 Episode 1
스윙스,쇼미더머니 9 Episode 1
허성현 (rosy),쇼미더머니 9 Episode 1
aespa,Black Mamba
임한별,이 노래가 뭐라고
벤,혼술하고 싶은 밤
릴보이 (lIlBOI),쇼미더머니 9 Episode 3
미란이 (MIRANI),쇼미더머니 9 Episode 3
Khundi Panda,쇼미더머니 9 Episode 3
양요섭,한 번에 알아본 사랑 (바른연애 길잡이 X 양요섭)
스윙스,쇼미더머니 9 Episode 2
원슈타인,쇼미더머니 9 Episode 3
머쉬베놈 (MUSHVENOM),쇼미더머니 9 Episode 3
정승환,어김없이 이 거리에
IZ*ONE (아이즈원),One-reeler / Act IV
백예린 (Yerin Baek),tellusboutyourself
스윙스,쇼미더머니 9 Semi Final
태연 (TAEYEON),What Do I Call You - The 4th Mini Album
머쉬베놈 (MUSHVENOM),쇼미더머니 9 Semi Final
이하이,For You
이승기,The Project
릴보이 (lIlBOI),쇼미더머니 9 Semi Final
Khundi Panda,쇼미더머니 9 Semi Final
황인욱,한잔이면 지워질까
래원 (Layone),쇼미더머니 9 Semi Final
신용재 (2F),너로 물든다 (바른연애 길잡이 X 신용재 (2F))
원슈타인,쇼미더머니 9 Semi Final
릴보이 (lIlBOI),쇼미더머니 9 Final
방탄소년단,Dynamite (Holiday Remix)
머쉬베놈 (MUSHVENOM),쇼미더머니 9 Final
나얼,서로를 위한 것
이예준,그날에 나는 맘이 편했을까
래원 (Layone),쇼미더머니 9 Final
#안녕,너의 번호를 누르고
기리보이,9컷
백현 (BAEKHYUN),놀이공원 (Amusement Park)
10CM,5.1
마미손,나의슬픔(My Sadness)
#안녕,붙잡고 싶어도
허각,Hello
양다일,요즘
윤도 (YoonDo),12월의 어느 겨울…
전상근,내 방
비,나로 바꾸자 (duet with JYP)
송이한,밝게 빛나는 별이 되어 비춰줄게
에일리(Ailee),도깨비 OST Part.9
장덕철,겨울잠
i-dle (아이들),I burn
머쉬베놈 (MUSHVENOM),굴젓 (G+Jus)
이수 (엠씨더맥스),Your Lights (바이크 원정대 OST Part.1)
에픽하이 (EPIK HIGH),Epik High Is Here 上
HYNN (박혜원),그대 없이 그대와
아이유,IU 5th Album 'LILAC'
10CM,이 밤을 빌려 말해요 (바른연애 길잡이 X 10CM)
아이유,최고의 사랑 OST Part.4
규현 (KYUHYUN),마지막 날에 (Moving On)
현아,I’m Not Cool
IZ*ONE (아이즈원),D-D-DANCE
양다일,our joys and sadnesses
경서 (경서예지),술 한잔 해요
정동하,추억은 만남보다 이별에 남아
허각,고백 (바른연애 길잡이 X 허각)
개코,마음이 그래
진민호,Color Of Love
이예준,다시 만날까 봐 (Prod.V.O.S)
윤하 (YOUNHA),서른 밤째 (바른연애 길잡이 X 윤하 (YOUNHA))
KCM,흑백사진 (2021) (바른연애 길잡이 X KCM)
라비 (RAVI),"범(feat.Chillin Homie, Kid Milli)"
청하,Querencia
선미,꼬리 (TAIL)
SHINee (샤이니),Don't Call Me - The 7th Album
먼데이 키즈,사랑한단 거짓말은 안 할래
폴킴,사랑하는 당신께
케이시 (Kassy),"비밀:리에 vol.2 ""오늘도 난 봄을 기다려"""
이소정,함께 했는데 이별은 나 혼자인 거야
죠지,좋아해.. (바른연애 길잡이 X 죠지)
브레이브걸스,Rollin'
양요섭,"LOVE DAY (2021) (바른연애 길잡이 X 양요섭, 정은지)"
MC몽,FLOWER 9
릴보이 (lIlBOI),FRIENDS
ASH ISLAND,멜로디
린,그댈 새겨두어요 (바른연애 길잡이 X 린)
로제 (ROSÉ),R
임창정,펜트하우스2 OST Part.1
마크툽 (MAKTUB),Red Moon : Full Bloom (滿開)
빈첸,FLYING HIGH WITH U
임영웅,별빛 같은 나의 사랑아
이하이,그 한마디 (바른연애 길잡이 X 이하이)
CHEEZE (치즈),이렇게 좋아해 본 적이 없어요 (소녀의 세계 X CHEEZE(치즈))
제시 (Jessi),어떤X (What Type of X)
브레이브걸스,We Ride
김나영,겨울이 지나고 봄이 오듯이
이루,이루 LEVEL II
기리보이,시공간이랑 어쩌라고
호미들,사이렌 Remix
백현 (BAEKHYUN),Bambi - The 3rd Mini Album
오반(OVAN),안아줘
노을,오늘도 그대만 (re;code Episode Ⅵ)
엠씨더맥스 (M.C the MAX),CEREMONIA (Complete Edition)
웬디 (WENDY),Like Water - The 1st Mini Album
황치열,Be My Reason
경서예지,모를까봐서(2021)
다비치,그냥 안아달란 말야
휘인 (Whee In),Redd
SHINee (샤이니),Atlantis - The 7th Album Repackage
조이 (JOY),왜 사랑은 언제나 쉽지 않을까? (바른연애 길잡이 X 조이 (JOY))
박재범,SUMMERIDE
STAYC(스테이씨),STAYDOM
SG 워너비,Sg Wanna Be+
SG 워너비,My Friend
SG 워너비,The Precious History
SG 워너비,살다가
SG 워너비,The Sentimental Chord
하동균,기다릴게
DAY6 (데이식스),The Book of Us : Negentropy - Chaos swallowed up in love
SG 워너비,SG Wannabe 7 Part.1
케이시 (Kassy),너의 발걸음에 빛을 비춰줄게 (Prod. 조영수)
한동근,그렇게 말해줘서 고마워
닐로(Nilo),들려줄게
ITZY (있지),GUESS WHO
하이라이트 (HIGHLIGHT),The Blowing
펀치 (Punch),헤어지는거죠
호미들,Ghetto Kids
벤,여자이니까
오마이걸 (OH MY GIRL),Dear OHMYGIRL
라붐 (LABOUM),Fresh Adventure
NCT DREAM,맛 (Hot Sauce) - The 1st Album
숀 (SHAUN),#0055b7
황인욱,응급실 (2021)
10CM,5.2 (Feat. 이수현)
aespa,Next Level
방탄소년단,Butter
헤이즈 (Heize),HAPPEN
송하예,마음이 다쳐서(2021)
이루,까만안경 (2021)
"MSG워너비 TOP 8 (별루지, 김정수, 강창모, 정기석, 이동휘, 이상이, 박재정, 원슈타인)",MSG워너비 TOP 8 경연곡
MSG워너비(정상동기),MSG워너비 TOP 8 경연곡
MSG워너비(M.O.M),MSG워너비 TOP 8 경연곡
성시경,성시경 8th Album [ㅅ (시옷)]
NS 윤지,If You Love Me (Feat. 주헌 (몬스타엑스))
경서예지,다정히 내 이름을 부르면 (경서예지 x 전건호)
정승환,다섯 마디
조이 (JOY),안녕 (Hello) - Special Album
반하나,벌써일년
마마무 (Mamamoo),WAW
투모로우바이투게더,혼돈의 장: FREEZE
TWICE (트와이스),Taste of Love
EXO,DON'T FIGHT THE FEELING - Special Album
청하,내 입술 따뜻한 커피처럼
브레이브걸스,Summer Queen
장범준,장범준 싱글
전상근,오늘따라 더 미운 그대가
MSG워너비(M.O.M),MSG워너비 1집
MSG워너비(정상동기),MSG워너비 1집
임영웅,사랑의 콜센타 PART62
임영웅,사랑의 콜센타 PART56
임영웅,사랑의 콜센타 PART61
임영웅,사랑의 콜센타 PART60
임영웅,뽕숭아학당 PART23
아넌딜라이트(Anandelight),쇼미더머니 10 Episode 1
개코,쇼미더머니 10 Episode 1
Don Mills,쇼미더머니 10 Episode 1
염따,쇼미더머니 10 Episode 1
sokodomo,쇼미더머니 10 Episode 2
조광일,쇼미더머니 10 Episode 2
BE'O (비오),쇼미더머니 10 Episode 3
베이식 (Basick),쇼미더머니 10 Episode 3
KOONTA (쿤타),쇼미더머니 10 Episode 3
SINCE,쇼미더머니 10 Episode 3
Mudd the student,쇼미더머니 10 Episode 3
BE'O (비오),쇼미더머니 10 Semi Final
Mudd the student,쇼미더머니 10 Semi Final
조광일,쇼미더머니 10 Semi Final
베이식 (Basick),쇼미더머니 10 Semi Final
KOONTA (쿤타),쇼미더머니 10 Semi Final
sokodomo,쇼미더머니 10 Semi Final
SINCE,쇼미더머니 10 Semi Final
아넌딜라이트(Anandelight),쇼미더머니 10 Semi Final
BE'O (비오),쇼미더머니 10 Final
SINCE,쇼미더머니 10 Final
조광일,쇼미더머니 10 Final
NCT U,Universe - The 3rd Album
WSG워너비 (가야G),WSG워너비 1집
WSG워너비(4FIRE),WSG워너비 1집
WSG워너비 (오아시소),WSG워너비 1집
지코 (ZICO),스트릿 맨 파이터(SMF) Original Vol.3 (계급미션)
윤미래,스트릿 맨 파이터(SMF) Original Vol.3 (계급미션)
저스디스 (JUSTHIS),쇼미더머니 11 Episode 1
그루비룸 (GroovyRoom),쇼미더머니 11 Episode 1
이영지,쇼미더머니 11 Episode 1
릴러말즈 (Leellamarz),쇼미더머니 11 Episode 1
노윤하,쇼미더머니 11 Episode 2
이영지,쇼미더머니 11 Episode 3
던말릭 (DON MALIK),쇼미더머니 11 Episode 3
KHAN,쇼미더머니 11 Episode 3
NSW yoon,쇼미더머니 11 Episode 3
허성현 (rosy),쇼미더머니 11 Semi Final
던말릭 (DON MALIK),쇼미더머니 11 Semi Final
우디 (Woody),Say I Love You (Re : WIND 4MEN Vol.04)
성시경,나얼 <Ballad Pop City>
이영지,쇼미더머니 11 Semi Final
테이,이 소설의 끝을 다시 써보려 해
최유리,그댄 행복에 살텐데 (2022)
태양,VIBE (feat. Jimin of BTS)
몬스타엑스,REASON
성시경,국화꽃 향기 OST
신예영,마지막 사랑
양다일,사랑해도 될까요
김연지,가슴으로 운다
이예준,니 번호가 뜨는 일
YENA (최예나),Love War
GOT the beat,Stamp On It - The 1st Mini Album
신예영,혼잣말 獨白
투모로우바이투게더,이름의 장: TEMPTATION
BIG Naughty (서동현),사랑의 이해 OST Part.5
순순희(기태),그대가 내 안에 박혔다(그내박)
NCT 127,Ay-Yo - The 4th Album Repackage
BIG Naughty (서동현),친구로 지내다 보면
태연 (TAEYEON),나얼 <Ballad Pop City>
부석순 (SEVENTEEN),부석순 1st Single Album 'SECOND WIND'
STAYC(스테이씨),Teddy Bear
박재범,Yesterday
허각,Endless
DK(디셈버),심(心)
임재현,세상에 없는 계절
투모로우바이투게더,이젠 안녕 (연애혁명 X 투모로우바이투게더)
H1-KEY (하이키),H1-KEY 1st Mini Album [Rose Blossom]
지아,사랑하기 싫어
김민석 (멜로망스),너와 함께
포맨 (4MEN),나비무덤
BIG Naughty (서동현),호프리스 로맨틱
나얼,나얼 <Ballad Pop City>
Zior Park,WHERE DOES SASQUATCH LIVE? PART 1
j-hope,on the street (with J. Cole)
정효빈,혼자가 아닌 나
우디 (Woody),Nostalgia
임창정,그대라는 사치
코드 쿤스트 (CODE KUNST),Archive 01
WSG워너비 (가야G),결국엔 너에게 닿아서
송하예,너를 보는게 지친 하루에
지민,FACE
먼데이 키즈,되돌리다
NMIXX,expérgo
코드 쿤스트 (CODE KUNST),Remember Archive
IVE (아이브),I've IVE
주주 시크릿,밤이 무서워요 (Lonely Night)
지수 (JISOO),ME
이홍기 (FT아일랜드),아모르 파티
TWICE (트와이스),READY TO BE
NewJeans,Zero
임한별,사랑하지 않아서 그랬어
Agust D,D-DAY
DK(디셈버),발걸음
Say Yes!,BOYS PLANET - ARTIST BATTLE
FIFTY FIFTY,The Beginning: Cupid
#안녕,가질 수 없는 너
헤이즈 (Heize),빙글빙글
볼빨간사춘기,사랑.zip
던 (DAWN),빛이 나는 너에게
NCT 도재정,Perfume - The 1st Mini Album
한동근,다시 사랑한다면
세븐틴 (SEVENTEEN),SEVENTEEN 10th Mini Album ‘FML'
박재정,1집 Alone
태양,Down to Earth
임재현,시작은 첫키스 OST Part.1
이채연,Over The Moon
김필,복면가왕 47회
LE SSERAFIM (르세라핌),UNFORGIVEN
허각,물론
V.O.S,안녕이라고 말하지마
비투비,WIND AND WISH
스탠딩 에그,청소 (여름날 우리 X 스탠딩 에그)
aespa,MY WORLD - The 3rd Mini Album
이무진,잠깐 시간 될까
i-dle (아이들),I feel
지아,사랑..그게 뭔데
10CM,5.4 [부동의 첫사랑]
방탄소년단,The Planet
규현 (KYUHYUN),"우리 사랑 이대로 (여름날 우리 X 규현 (KYUHYUN), 정은지)"
이홍기 (FT아일랜드),한사람만 (2023) (여름날 우리 X 이홍기 (FT아일랜드))
박재범,Candy
허각,운다 운다
멜로망스,찬란한 하루
폴킴,한강에서
경서,ONGOING
황인욱,이 새벽에 전화하는 건
이우,상록수
윤하 (YOUNHA),YOUNHA Studio Live Album 'MINDSET'
임영웅,모래 알갱이
케이시 (Kassy),사실말야내가말야그게그러니까말이야
방탄소년단,Take Two
전상근,우리 왜 헤어져야 해 (여름날 우리 X 전상근)
Stray Kids (스트레이 키즈),★★★★★ (5-STAR)
제이세라,사랑의 바보
탑현,나에게 그대만이
죠지,Boat
NCT DREAM,ISTJ - The 3rd Album
이홍기 (FT아일랜드),"희재, 삭제"
B.I,TO DIE FOR
지아,사랑하지 않아서 그랬니
SHINee (샤이니),HARD - The 8th Album
NewJeans,NewJeans 2nd EP 'Get Up'
정국,Still With You
로이킴,"잘 지내자, 우리 (여름날 우리 X 로이킴)"
빈지노 (Beenzino),NOWITZKI
볼빨간사춘기,여름날 (feat. 하현상)
정국,Seven (feat. Latto) - Clean Ver.
김민석 (멜로망스),예뻤어 (여름날 우리 X 김민석 (멜로망스))
EXO,EXIST - The 7th Album
ZEROBASEONE (제로베이스원),YOUTH IN THE SHADE
Paul Blanco,Summer
경서,어디든 가자 (Feat. 허성현)
우디 (Woody),사막에서 꽃을 피우듯
오마이걸 (OH MY GIRL),Golden Hourglass
IVE (아이브),I WANT
전소미,GAME PLAN
우효,민들레
ITZY (있지),KILL MY DOUBT
V,Layover
STAYC(스테이씨),TEENFRESH
권은비,Lethality
AKMU (악뮤),Love Lee
김연지,미친 사랑의 노래
이세계아이돌,KIDDING
헤이즈 (Heize),언젠간 괜찮아질 이야기
aespa,Better Things
NCT U,Golden Age - The 4th Album
다이나믹 듀오,스트릿 우먼 파이터2(SWF2) 계급미션
Crush,스트릿 우먼 파이터2(SWF2) 계급미션
화사 (HWASA),I Love My Body
미연 (MIYEON),연인 OST Part.4
RIIZE,Get A Guitar
릴러말즈 (Leellamarz),거리에서
미연 (MIYEON),스트릿 우먼 파이터2(SWF2) 계급미션
"허용별 (허각, 신용재, 임한별)",허용별 프로젝트 #1
BIG Naughty (서동현),ICN > YVR
도경수(D.O.),기대 - The 2nd Mini Album
IVE (아이브),I'VE MINE
정국,3D (feat. Jack Harlow)
제니 (JENNIE),JENNIE Special Single [You & Me]
케이시 (Kassy),너 밖엔 없더라
임영웅,Do or Die
NCT 127,Fact Check - The 5th Album
dori,밤 (Night)
화사 (HWASA),Chili
Yyeon,Fairy Tale
성시경,잠시라도 우리
투모로우바이투게더,이름의 장: FREEFALL
영탁,FORM
쿠기 (Coogie),Right Now
세븐틴 (SEVENTEEN),SEVENTEEN 11th Mini Album ‘SEVENTEENTH HEAVEN'
릴러말즈 (Leellamarz),인생은 한번이야
LE SSERAFIM (르세라핌),Perfect Night
범진,인사
정국,GOLDEN
최유리,여행: 플리(playlist) OST Part.2
너드커넥션 (Nerd Connection),그대만 있다면 (여름날 우리 X 너드커넥션 (Nerd Connection))
aespa,Drama - The 4th Mini Album
최유리,유영
Red Velvet (레드벨벳),Chill Kill - The 3rd Album
다비치,지극히 사적인 얘기
Crush,wonderego
DEAN,4:44
NewJeans,2023 리그 오브 레전드 월드 챔피언십 주제곡
DAY6 (데이식스),Every DAY6 February
태연 (TAEYEON),To. X - The 5th Mini Album
BE'O (비오),미쳐버리겠다 (MAD)
QWER,1st Single Album 'Harmony from Discord'
임재현,비의 랩소디
헤이즈 (Heize),Last Winter
로이킴,로이킴 X 마이데몬
볼빨간사춘기,Merry Go Round
이무진,에피소드
이하이,골목길
ASH ISLAND,Stay With Me
폴킴,화이트 (White)
PLAVE,Merry PLLIstmas
다비치,D-MAKE
VIVIZ (비비지),The 4th Mini Album 'VERSUS'
NCT 127,Be There For Me - Winter Special Single
DAY6 (데이식스),The Book of Us : Gravity
Sondia,나의 아저씨 OST Part.2
RIIZE,Love 119
안세하,I Love You
RIIZE,Talk Saxy
화곡동 청개구리,기억해줘요 내 모든 날과 그때를
아이유,The Winning
태연 (TAEYEON),웰컴투 삼달리 OST Part.3
i-dle (아이들),2
TWS (투어스),TWS 1st Mini Album ‘Sparkling Blue’
그루비룸 (GroovyRoom),Yes or No
NMIXX,Fe3O4: BREAK
에일리(Ailee),하루
적재,새벽 통화
비비 (BIBI),밤양갱
이예준,널 미워하기로 했어
LE SSERAFIM (르세라핌),EASY
BIG Naughty (서동현),딱 1년만
AOA,짧은 치마
나윤권,나였으면
이보람 (씨야),당신을 위하여
ALLDAY PROJECT,ALLDAY PROJECT
한로로,자몽살구클럽
아샤트리,그래 늦지 않았어(2025)
RIIZE,Fame
노아주다 (noahjooda),M O T N O A H
아일릿(ILLIT),NOT CUTE ANYMORE
태연 (TAEYEON),Panorama : The Best of TAEYEON
프로미스나인,하얀 그리움
2BIC(투빅),Soul Mate (소울메이트)
이창섭,"365일 (오늘 밤, 세계에서 이 사랑이 사라진다 해도 X 이창섭)"
DAY6 (데이식스),Lovin' the Christmas
김진표,Romantic 겨울
지코 (ZICO),DUET
성시경,Jelly Christmas 2013
