artist,album,release_date
스윙스,쇼미더머니 8 Episode 1,2019.08.24
BIG Naughty (서동현),쇼미더머니 8 Episode 4,2019.09.21
오마이걸 (OH MY GIRL),퀸덤 <커버곡 경연> Part.2,2019.09.20
YUNB,쇼미더머니 8 Episode 3,2019.09.14
Woodie Gochild,쇼미더머니 8 Episode 2,2019.08.31
폴킴,"정규 2집 '마음, 하나'",2019.10.07
보이비,유플래쉬,2019.10.19
i-dle (아이들),퀸덤 <FINAL 컴백 싱글>,2019.10.25
마마무 (Mamamoo),퀸덤 <FINAL 컴백 싱글>,2019.10.25
오마이걸 (OH MY GIRL),퀸덤 <FINAL 컴백 싱글>,2019.10.25
태연 (TAEYEON),겨울왕국 2 (한국어 버전),2019.11.15
임영웅,내일은 미스터트롯 트롯 에이드 베스트,2020.02.21
영탁,내일은 미스터트롯 데스매치 PART1,2020.01.30
영탁,내일은 미스터트롯 결승전 베스트,2020.03.13
임영웅,내일은 미스터트롯 예선곡 베스트,2020.01.17
임영웅,내일은 미스터트롯 레전드 미션 베스트,2020.03.06
이상순,두리쥬와 X LINDA X 신난다,2020.08.01
임영웅,사랑의 콜센타 PART19,2020.08.14
NCT U,NCT RESONANCE Pt. 1 - The 2nd Album,2020.10.12
미란이 (MIRANI),쇼미더머니 9 Episode 1,2020.11.21
릴보이 (lIlBOI),쇼미더머니 9 Episode 1,2020.11.21
스윙스,쇼미더머니 9 Episode 1,2020.11.21
허성현 (rosy),쇼미더머니 9 Episode 1,2020.11.21
릴보이 (lIlBOI),쇼미더머니 9 Episode 3,2020.12.05
미란이 (MIRANI),쇼미더머니 9 Episode 3,2020.12.05
Khundi Panda,쇼미더머니 9 Episode 3,2020.12.05
스윙스,쇼미더머니 9 Episode 2,2020.11.28
원슈타인,쇼미더머니 9 Episode 3,2020.12.05
머쉬베놈 (MUSHVENOM),쇼미더머니 9 Episode 3,2020.12.05
스윙스,쇼미더머니 9 Semi Final,2020.12.12
머쉬베놈 (MUSHVENOM),쇼미더머니 9 Semi Final,2020.12.12
릴보이 (lIlBOI),쇼미더머니 9 Semi Final,2020.12.12
Khundi Panda,쇼미더머니 9 Semi Final,2020.12.12
래원 (Layone),쇼미더머니 9 Semi Final,2020.12.12
원슈타인,쇼미더머니 9 Semi Final,2020.12.12
릴보이 (lIlBOI),쇼미더머니 9 Final,2020.12.19
머쉬베놈 (MUSHVENOM),쇼미더머니 9 Final,2020.12.19
래원 (Layone),쇼미더머니 9 Final,2020.12.19
"MSG워너비 TOP 8 (별루지, 김정수, 강창모, 정기석, 이동휘, 이상이, 박재정, 원슈타인)",MSG워너비 TOP 8 경연곡,2021.05.22
MSG워너비(정상동기),MSG워너비 TOP 8 경연곡,2021.05.22
MSG워너비(M.O.M),MSG워너비 TOP 8 경연곡,2021.05.22
MSG워너비(M.O.M),MSG워너비 1집,2021.06.26
MSG워너비(정상동기),MSG워너비 1집,2021.06.26
임영웅,사랑의 콜센타 PART62,2021.07.06
임영웅,사랑의 콜센타 PART56,2021.05.25
임영웅,사랑의 콜센타 PART61,2021.06.29
임영웅,사랑의 콜센타 PART60,2021.06.22
임영웅,뽕숭아학당 PART23,2021.06.21
아넌딜라이트(Anandelight),쇼미더머니 10 Episode 1,2021.11.06
개코,쇼미더머니 10 Episode 1,2021.11.06
Don Mills,쇼미더머니 10 Episode 1,2021.11.06
염따,쇼미더머니 10 Episode 1,2021.11.06
sokodomo,쇼미더머니 10 Episode 2,2021.11.13
조광일,쇼미더머니 10 Episode 2,2021.11.13
BE'O (비오),쇼미더머니 10 Episode 3,2021.11.20
베이식 (Basick),쇼미더머니 10 Episode 3,2021.11.20
KOONTA (쿤타),쇼미더머니 10 Episode 3,2021.11.20
SINCE,쇼미더머니 10 Episode 3,2021.11.20
Mudd the student,쇼미더머니 10 Episode 3,2021.11.20
BE'O (비오),쇼미더머니 10 Semi Final,2021.11.27
Mudd the student,쇼미더머니 10 Semi Final,2021.11.27
조광일,쇼미더머니 10 Semi Final,2021.11.27
베이식 (Basick),쇼미더머니 10 Semi Final,2021.11.27
KOONTA (쿤타),쇼미더머니 10 Semi Final,2021.11.27
sokodomo,쇼미더머니 10 Semi Final,2021.11.27
SINCE,쇼미더머니 10 Semi Final,2021.11.27
아넌딜라이트(Anandelight),쇼미더머니 10 Semi Final,2021.11.27
BE'O (비오),쇼미더머니 10 Final,2021.12.04
SINCE,쇼미더머니 10 Final,2021.12.04
조광일,쇼미더머니 10 Final,2021.12.04
NCT U,Universe - The 3rd Album,2021.12.14
WSG워너비 (가야G),WSG워너비 1집,2022.07.09
WSG워너비(4FIRE),WSG워너비 1집,2022.07.09
WSG워너비 (오아시소),WSG워너비 1집,2022.07.09
지코 (ZICO),스트릿 맨 파이터(SMF) Original Vol.3 (계급미션),2022.09.06
윤미래,스트릿 맨 파이터(SMF) Original Vol.3 (계급미션),2022.09.06
저스디스 (JUSTHIS),쇼미더머니 11 Episode 1,2022.12.03
그루비룸 (GroovyRoom),쇼미더머니 11 Episode 1,2022.12.03
이영지,쇼미더머니 11 Episode 1,2022.12.03
릴러말즈 (Leellamarz),쇼미더머니 11 Episode 1,2022.12.03
노윤하,쇼미더머니 11 Episode 2,2022.12.10
이영지,쇼미더머니 11 Episode 3,2022.12.17
던말릭 (DON MALIK),쇼미더머니 11 Episode 3,2022.12.17
KHAN,쇼미더머니 11 Episode 3,2022.12.17
NSW yoon,쇼미더머니 11 Episode 3,2022.12.17
허성현 (rosy),쇼미더머니 11 Semi Final,2022.12.24
던말릭 (DON MALIK),쇼미더머니 11 Semi Final,2022.12.24
이영지,쇼미더머니 11 Semi Final,2022.12.24
성시경,국화꽃 향기 OST,2003.02.01
Say Yes!,BOYS PLANET - ARTIST BATTLE,2023.04.06
김필,복면가왕 47회,2016.02.21
NCT U,Golden Age - The 4th Album,2023.08.28
다이나믹 듀오,스트릿 우먼 파이터2(SWF2) 계급미션,2023.09.05
Crush,스트릿 우먼 파이터2(SWF2) 계급미션,2023.09.05
미연 (MIYEON),스트릿 우먼 파이터2(SWF2) 계급미션,2023.09.05