artist,album,release_date
AKMU (악뮤),항해,2019.09.25
장범준,멜로가 체질 OST Part 3,2019.08.23
임재현,조금 취했어,2019.09.24
볼빨간사춘기,Two Five,2019.09.10
폴킴,호텔 델루나 OST Part.10,2019.08.12
마크툽 (MAKTUB),Red Moon : To You My Light,2019.06.09
케이시 (Kassy),Rewind,2019.09.05
HYNN (박혜원),시든 꽃에 물을 주듯,2019.03.31
펀치 (Punch),가끔 이러다,2019.09.18
전상근,사랑이란 멜로는 없어,2019.09.08
거미 (GUMMY),호텔 델루나 OST Part.7,2019.08.04
TWICE (트와이스),Feel Special,2019.09.23
휘인 (Whee In),soar,2019.09.04
황인욱,포장마차,2019.06.20
송하예,니 소식,2019.05.11
지코 (ZICO),THINKING Part.1,2019.09.30
태연 (TAEYEON),호텔 델루나 OST Part.3,2019.07.21
장혜진,술이 문제야,2019.06.18
임재현,사랑에 연습이 있었다면,2018.09.25
첸 (CHEN),사랑하는 그대에게 - The 2nd Mini Album,2019.10.01
먼데이 키즈,사랑이 식었다고 말해도 돼,2019.05.27
펀치 (Punch),호텔 델루나 OST Part.12,2019.08.18
벤,호텔 델루나 OST Part.9,2019.08.11
벤,헤어져줘서 고마워,2019.07.03
폴킴,'키스 먼저 할까요?' OST Part.3,2018.03.20
10CM,호텔 델루나 OST Part.2,2019.07.20
창모 (CHANGMO),BAND,2019.06.08
선미,날라리 (LALALAY),2019.08.27
방탄소년단,MAP OF THE SOUL : PERSONA,2019.04.12
헤이즈 (Heize),호텔 델루나 OST Part.5,2019.07.28
김나영,솔직하게 말해서 나,2019.06.09
V.O.S,다시 만날까 봐,2021.02.07
닐로(Nilo),벗,2019.08.26
Crush,나빠(NAPPA),2019.08.28
폴킴,너를 만나,2018.10.29
ITZY (있지),IT'z ICY,2019.07.29
태연 (TAEYEON),사계 (Four Seasons),2019.03.24
다비치,너에게 못했던 내 마지막 말은,2019.05.17
케이시 (Kassy),그때가 좋았어,2018.12.31
장범준,장범준 3집,2019.03.21
멜로망스,인사,2019.07.09
이우,내 안부,2019.07.16
청하,Flourishing,2019.06.24
먼데이 키즈,호텔 델루나 OST Part.1,2019.07.14
첸 (CHEN),"사월, 그리고 꽃 - The 1st Mini Album",2019.04.01
잔나비,전설,2019.03.13
TWICE (트와이스),FANCY YOU,2019.04.22
BewhY (비와이),The Movie Star,2019.07.25
이해리 (다비치),나만 아픈 일,2019.09.23
폴킴,비,2016.06.21
Red Velvet (레드벨벳),‘The ReVe Festival’ Day 2,2019.08.20
기리보이,100년제전문대학,2019.06.10
브라운 아이드 소울,It' Soul Right,2019.09.30
X1 (엑스원),비상 : QUANTUM LEAP,2019.08.27
헤이즈 (Heize),We don't talk together,2019.07.07
에이치코드 (H:CODE),두 번째 이야기,2016.03.30
엠씨더맥스 (M.C the MAX),Circular,2019.01.02
도경수(D.O.),괜찮아도 괜찮아 (That's okay) - SM STATION,2019.07.01
ITZY (있지),IT'z Different,2019.02.12
박효신,Goodbye,2019.05.06
방탄소년단,YOU NEVER WALK ALONE,2017.02.13
볼빨간사춘기,사춘기집Ⅰ 꽃기운,2019.04.02
숀 (SHAUN),Take,2018.06.27
방탄소년단,LOVE YOURSELF 結 'Answer',2018.08.24
엔플라잉 (N.Flying),FLY HIGH PROJECT #2 '옥탑방',2019.01.02
청하,호텔 델루나 OST Part.6,2019.08.03
윤하 (YOUNHA),STABLE MINDSET,2019.07.02
세븐틴 (SEVENTEEN),SEVENTEEN 3RD ALBUM ‘An Ode’,2019.09.16
청하,벌써 12시,2019.01.02
송하예,호텔 델루나 OST Part.11,2019.08.17
EXO,LOVE SHOT - The 5th Album Repackage,2018.12.13
임한별,이별하러 가는 길,2018.09.13
염따,Dingo X 염따,2019.12.24
장덕철,있어줘요,2019.10.09
이우,이별행동,2019.10.06
오반(OVAN),전화를 할까봐,2019.10.06
송하예,새 사랑,2019.10.12
백지영,Reminiscence,2019.10.04
헤이즈 (Heize),만추,2019.10.13
김필,사랑 둘,2019.10.10
기리보이,호랑이소굴,2019.10.13
아이유,스무 살의 봄,2012.05.11
정준일,우리 시작해도 괜찮을까요,2019.10.12
NC.A,헤어질 자신 있니,2022.11.30
린,정말 헤어지는 거야 (With 죠지),2019.10.18
화사 (HWASA),화실(化-室:atelier),2019.10.11
하은 (포맨),혼코노,2019.10.17
MC몽,CHANNEL 8,2019.10.25
헨리 (HENRY),한강의 밤 (Feat. 로코베리),2019.10.20
빈지노 (Beenzino),Blurry (Feat. Dbo) (Prod. By PEEJAY),2019.10.19
방탄소년단,Make It Right (feat. Lauv),2019.11.01
이석훈,우리 사랑했던 추억을 아직 잊지 말아요,2019.10.24
WINNER,CROSS,2019.10.23
권순일 (어반자카파),With,2020.12.24
태연 (TAEYEON),Purpose - The 2nd Album,2019.10.28
아이유,Love poem,2019.11.18
허각,이별은 늘 그렇게,2019.10.31
브라운아이드걸스,RE_vive,2019.10.28
펀치 (Punch),동백꽃 필 무렵 (KBS2 수목드라마) OST - Part.6,2019.10.31
정준일,LOVE YOU I DO,2019.10.30
황인욱,이별주,2019.11.01
노을,늦은 밤 너의 집 앞 골목길에서,2019.11.07
Zion.T,5월의 밤,2019.11.06
멜로망스,축제,2019.11.06
현아,FLOWER SHOWER,2019.11.05
지코 (ZICO),THINKING Part.2,2019.11.08
뉴이스트,The 7th Mini Album ‘The Table’,2019.10.21
바이브,이 번호로 전화해줘,2019.11.13
마마무 (Mamamoo),reality in BLACK,2019.11.14
HYNN (박혜원),차가워진 이 바람엔 우리가 써있어(Bad Love),2019.11.12
기리보이,치명적인 맛보기 2곡,2019.11.09
펀치넬로 (punchnello),낙서,2019.11.11
헤이즈 (Heize),동백꽃 필 무렵 (KBS2 수목드라마) OST - Part.9,2019.11.13
김나영,동백꽃 필 무렵 (KBS2 수목드라마) OST - Part.7,2019.11.06
송이한,안녕이라는 말,2019.03.25
염따,Dingo X DAMOIM (Part 1),2019.11.19
신예영,우리 왜 헤어져야 해,2019.11.20
EXO,OBSESSION - The 6th Album,2019.11.27
AOA,NEW MOON,2019.11.26
보라미유,끝난 사이,2019.11.24
다이나믹 듀오,OFF DUTY,2019.11.26
폴킴,마음,2019.11.29
볼빨간사춘기,New York,2019.11.27
김나영,헤어진 우리가 지켜야 할 것들,2019.12.01
박경,자격지심,2016.05.25
아이유,Real,2010.12.09
다비치,나의 오랜 연인에게,2019.12.03
정승환,십이월 이십오일의 고백,2019.12.05
염따,Dingo X DAMOIM (Part 2),2019.12.03
박진영,FEVER,2019.12.01
V.O.S,잘 살고 있다,2019.12.02
창모 (CHANGMO),Boyhood,2019.11.29
기리보이,치명적인 앨범 Ⅲ,2019.12.02
성시경,Jelly Christmas 2012 HEART PROJECT,2012.12.06
Crush,From Midnight To Sunrise,2019.12.05
임한별,넌 나의 전부/고백하러 가는 길,2019.12.04
백예린 (Yerin Baek),Every letter I sent you.,2019.12.10
성시경,첫 겨울이니까,2019.12.09
길구봉구,"어쩌면, 널 잊을 수 있을까",2019.12.06
펀치 (Punch),그때의 우리,2019.12.17
염따,Amanda,2019.12.14
빈첸,텅 (Feat.김하온 (HAON)),2019.12.18
백지영,"다시는 사랑하지 않고, 이별에 아파하기 싫어",2019.12.22
Red Velvet (레드벨벳),‘The ReVe Festival’ Finale,2019.12.23
염따,Dingo X DAMOIM (Part 3),2019.12.24
윤미래,사랑의 불시착 OST Part 2,2019.12.22
SG 워너비,SG워너비 & 브라운아이드걸스 싱글,2006.11.16
소유 (SOYOU),길에서 (X-MAS Project Vol.1),2019.12.23
마크툽 (MAKTUB),Red Moon : Happiness,2019.12.30
다비치,사랑의 불시착 OST Part 3,2019.12.29
한동근,나를 기다렸나요,2019.12.29
유산슬,뽕포유,2019.11.16
백현 (BAEKHYUN),낭만닥터 김사부 2 OST Part.1,2020.01.07
염따,Dingo X DAMOIM (Part 4),2020.01.06
윤하 (YOUNHA),UNSTABLE MINDSET,2020.01.06
pH-1,Nerdy Love (Feat. 백예린),2020.01.09
정효빈,가끔은,2020.01.06
백예린 (Yerin Baek),사랑의 불시착 OST Part 4,2020.01.12
지코 (ZICO),아무노래,2020.01.13
태연 (TAEYEON),Purpose - The 2nd Album Repackage,2020.01.15
방탄소년단,MAP OF THE SOUL : 7,2020.02.21
거미 (GUMMY),낭만닥터 김사부 2 OST Part.2,2020.01.14
우디 (Woody),지구는 멸망하지 않아,2020.01.11
솔라 (마마무),이 노랜 꽤 오래된 거야 (A song from the past),2020.01.16
SF9,FIRST COLLECTION,2020.01.07
폴킴,Loveship,2020.01.21
김재환,사랑의 불시착 OST Part 5,2020.01.19
찬열 (CHANYEOL),낭만닥터 김사부 2 OST Part.3,2020.01.20
스탠딩 에그,헤어져야 사랑을 알죠,2020.01.19
다이나믹 듀오,혼자,2020.01.23
헤이즈 (Heize),낭만닥터 김사부 2 OST Part.4,2020.01.21
이승철,달빛조각사 웹툰 OST Part.1,2020.01.20
가비엔제이,신촌에 왔어,2020.01.22
KCM,버릇처럼 셋을 센다,2023.12.17
윤건,하루에도 열두 번,2020.01.15
송가인,사랑의 불시착 OST Part 6,2020.01.25
이해리 (다비치),from h,2020.01.29
양다일,낭만닥터 김사부 2 OST Part.5,2020.01.27
마마무 (Mamamoo),낭만닥터 김사부 2 OST Part.6,2020.01.28
혁오 (HYUKOH),사랑으로,2020.01.30
여자친구 (GFRIEND),回:LABYRINTH,2020.02.03
김세정,사랑의 불시착 OST Part 8,2020.02.01
김재환,안녕,2020.08.23
먼데이 키즈,낭만닥터 김사부 2 OST Part.7,2020.02.03
Crush,사랑의 불시착 OST Part 10,2020.02.09
청하,낭만닥터 김사부 2 OST Part.8,2020.02.04
문별 (마마무),낯선날 (Feat. 펀치),2020.02.04
아이유,사랑의 불시착 OST Part 11,2020.02.15
V.O.S,잘 지내고 있는지 궁금해,2020.02.09
가호 (Gaho),이태원 클라쓰 OST Part.2,2020.02.01
한요한,반복,2020.02.08
10CM,사랑의 불시착 OST Part 1,2019.12.15
IZ*ONE (아이즈원),BLOOM*IZ,2020.02.17
김필,이태원 클라쓰 OST Part.6,2020.02.15
이예준,미친 소리,2026.01.06
진민호,반만,2021.03.13
씨야,See You Again,2011.01.21
개코,바빠서,2020.02.25
창모 (CHANGMO),"PAY DAY with KozyPop (코지팝 X 창모, 애쉬아일랜드, 정기고, 그레이)",2020.02.27
오반(OVAN),어떻게 지내,2020.03.05
하현우 (국카스텐),이태원 클라쓰 OST Part.3,2020.02.07
청하,솔직히 지친다.newwav,2020.02.29
전상근,돌아와 줘,2020.03.02
백현 (BAEKHYUN),하이에나 OST Part.2,2020.02.29
육성재,YOOK O'clock,2020.03.02
ITZY (있지),IT'z ME,2020.03.09
V,이태원 클라쓰 OST Part.12,2020.03.13
노을,문득,2020.03.12
윤미래,이태원 클라쓰 OST Part.8,2020.02.22
NCT 127,NCT #127 Neo Zone - The 2nd Album,2020.03.06
Crush,이태원 클라쓰 OST Part.11,2020.03.07
이우,너를,2020.03.10
김세정,화분,2020.03.17
윤딴딴,신혼일기,2020.03.16
임재현,비싼옷,2020.03.17
엠씨더맥스 (M.C the MAX),CEREMONIA,2021.03.25
WINNER,Remember,2020.04.09
조이 (JOY),슬기로운 의사생활 OST Part 2,2020.03.20
버스커 버스커,버스커 버스커 1집,2012.03.29
임한별,"안녕, 오늘의 그대에게",2020.03.26
HIGH4 (하이포),봄 사랑 벚꽃 말고,2014.04.08
조정석,슬기로운 의사생활 OST Part 3,2020.03.27
수호 (SUHO),자화상 - The 1st Mini Album,2020.03.30
HYNN (박혜원),"아무렇지 않게, 안녕",2020.03.31
로꼬,냄새를 보는 소녀 OST Part.2,2015.04.08
임영웅,내일은 미스터트롯 우승자 특전곡,2020.04.03
i-dle (아이들),I trust,2020.04.06
규현 (KYUHYUN),슬기로운 의사생활 OST Part 4,2020.04.03
권진아,슬기로운 의사생활 OST Part 1,2020.03.13
Apink (에이핑크),LOOK,2020.04.13
MC몽,X by X [ 결핍 ],2020.04.10
어반자카파,슬기로운 의사생활 OST Part 5,2020.04.10
케이시 (Kassy),이 마음이 찾아오면,2020.04.09
폴킴,"정규 2집 '마음, 둘'",2023.09.15
한동근,보통 같으면,2020.04.20
장덕철,그대만이,2020.04.16
곽진언,슬기로운 의사생활 OST Part 6,2020.04.17
펭수,빌보드 프로젝트 Vol.1,2020.04.21
오마이걸 (OH MY GIRL),NONSTOP,2020.04.27
청하,Stay Tonight,2020.04.27
벤,Off The Record,2020.04.26
양다일,이해,2020.04.27
NCT DREAM,Reload,2020.04.29
에이프릴 (APRIL),에이프릴(APRIL) 7th Mini Album 'Da Capo',2020.04.22
신예영,넌 내가 보고 싶지 않나 봐,2020.04.27
마크툽 (MAKTUB),Red Moon : SUPERNOVA,2020.04.26
솔라 (마마무),SPIT IT OUT,2020.04.23
아이유,에잇,2020.05.06
태연 (TAEYEON),Happy,2020.05.04
볼빨간사춘기,사춘기집Ⅱ 꽃 본 나비,2020.05.13
휘인 (Whee In),슬기로운 의사생활 OST Part 8,2020.05.01
길구봉구,은하수,2020.05.05
DAY6 (데이식스),The Book of Us : The Demon,2020.05.11
Raiden,"Yours (Feat. 이하이, 창모)",2020.05.12
백지영,아무런 말들도,2020.05.12
수퍼비 (SUPERBEE),Dingo X Yng & Rich Records (Part 1),2020.05.10
전미도,슬기로운 의사생활 OST Part 11,2020.05.22
Crush,homemade 1,2020.05.20
NCT 127,NCT #127 Neo Zone The Final Round – The 2nd Album Repackage,2020.05.19
미도와 파라솔,슬기로운 의사생활 OST Part 10,2020.05.15
투모로우바이투게더,꿈의 장: ETERNITY,2020.05.18
비,MY LIFE愛,2017.12.01
제이레빗(J Rabbit),슬기로운 의사생활 OST Part 7,2020.04.24
영탁,니가 왜 거기서 나와,2018.10.21
창모 (CHANGMO),COUNTIN MY GUAP,2020.05.22
백현 (BAEKHYUN),Delight - The 2nd Mini Album,2020.05.25
황인욱,취했나봐,2020.05.24
미도와 파라솔,슬기로운 의사생활 OST Part 12,2021.09.17
로이킴,살아가는 거야,2020.05.27
TWICE (트와이스),MORE & MORE,2020.06.01
식케이 (Sik-K),깡 Official Remix,2020.06.04
이예준,안녕과 안녕으로,2020.06.01
런치,어떻게 지내 (답가),2020.06.06
전상근,한 걸음 : 흔적,2020.06.07
헤이즈 (Heize),Lyricist,2020.06.10
블루 (BLOO),Downtown Baby,2017.12.06
IZ*ONE (아이즈원),Oneiric Diary (幻想日記),2020.06.15
아이유,I-LAND Part.1 Signal Song,2020.06.19
백아연,썸 타긴 뭘 타,2020.06.16
정승환,언제라도 어디에서라도,2020.06.17
이선희,안부,2020.06.15
염따,좋아한다니까,2020.06.14
닐로(Nilo),About Me,2020.06.16
BLACKPINK,How You Like That,2020.06.26
세븐틴 (SEVENTEEN),SEVENTEEN 7th Mini Album '헹가래',2020.06.22
김나영,다른 누구 말고 너야,2020.06.21
세븐틴 (SEVENTEEN),Love&Letter Repackage Album,2016.07.04
헤이즈 (Heize),사이코지만 괜찮아 OST Part.1,2020.06.21
화사 (HWASA),María,2020.06.29
지코 (ZICO),RANDOM BOX,2020.07.01
선미,보라빛 밤 (pporappippam),2020.06.29
신용재 (2F),Dear,2020.07.01
샘김 (Sam Kim),사이코지만 괜찮아 OST Part.2,2020.06.28
김호중,나보다 더 사랑해요,2020.04.28
레드벨벳-아이린&슬기,Monster - The 1st Mini Album,2020.07.06
청하,PLAY,2020.07.06
"싹쓰리 (유두래곤, 린다G, 비룡)",여름 안에서 by 싹쓰리,2020.07.11
ASH ISLAND,Error,2020.07.02
지아,오늘 술 한잔해요,2016.12.01
세훈&찬열,척,2020.07.07
"싹쓰리 (유두래곤, 린다G, 비룡)",다시 여기 바닷가,2020.07.18
Crush,OHIO,2020.07.14
이수현,사이코지만 괜찮아 OST Part.4,2020.07.12
솔지,오늘따라 비가 와서 그런가 봐,2020.07.09
백지영,거짓말이라도 해서 널 보고싶어,2020.07.14
여자친구 (GFRIEND),回:Song of the Sirens,2020.07.13
세훈&찬열,10억뷰 - The 1st Album,2020.07.13
주시크 (Joosiq),불 좀 꺼줄래,2020.07.15
이하이,홀로,2020.07.23
산들,취기를 빌려 (취향저격 그녀 X 산들),2020.07.20
"싹쓰리 (유두래곤, 린다G, 비룡)",그 여름을 틀어줘,2020.07.25
전소미,What You Waiting For,2020.07.22
헤이즈 (Heize),/// (너 먹구름 비),2017.06.26
김필,사이코지만 괜찮아 OST Part.5,2020.07.19
린다G,두리쥬와 X LINDA X 신난다,2020.08.01
제시 (Jessi),NUNA,2020.07.30
비룡,두리쥬와 X LINDA X 신난다,2020.08.01
유두래곤,두리쥬와 X LINDA X 신난다,2020.08.01
아이유,밤편지,2017.03.24
i-dle (아이들),덤디덤디 (DUMDi DUMDi),2020.08.03
볼빨간사춘기,Our Beloved BoA #2 - SM STATION,2020.08.07
스탠딩 에그,오래된 노래,2012.09.04
백현 (BAEKHYUN),Our Beloved BoA #1 - SM STATION,2020.07.31
먼데이 키즈,나가,2020.08.09
박진영,When We Disco,2020.08.12
GRAY (그레이),STAY THE NIGHT (취향저격 그녀 X GRAY),2020.08.12
로시 (Rothy),OCEAN VIEW,2020.08.13
방탄소년단,Dynamite (DayTime Version),2020.08.21
ITZY (있지),Not Shy,2020.08.17
규현 (KYUHYUN),내 마음이 움찔했던 순간 (취향저격 그녀 X 규현),2020.08.23
BLACKPINK,Ice Cream (with Selena Gomez),2020.08.28
허각,듣고 싶던 말,2020.08.27
DAY6 (Even of Day),The Book of Us : Gluon - Nothing can tear us apart,2020.08.31
오반(OVAN),축하해,2020.09.09
카더가든,밤새 (취향저격 그녀 X 카더가든),2020.09.03
유아 (오마이걸),Bon Voyage,2020.09.07
마크툽 (MAKTUB),Red Moon : Ode To The Stars,2020.09.05
Crush,Sweet Love (취향저격 그녀 X Crush),2020.09.10
태연 (TAEYEON),브람스를 좋아하세요? OST Part.5,2020.09.15
마마무 (Mamamoo),WANNA BE MYSELF,2020.09.10
10CM,4.5,2020.09.22
백현 (BAEKHYUN),청춘기록 (tvN 월화드라마) OST - Part.3,2020.09.22
바이브,가을 타나 봐,2018.09.18
아이유,꽃갈피 둘,2017.09.22
순순희,서면역에서,2020.05.05
BLACKPINK,THE ALBUM,2020.10.02
정은지,너의 밤은 어때 (취향저격 그녀 X 정은지),2020.09.27
헤이즈 (Heize),밤하늘의 저 별처럼 (브람스를 좋아하세요? OST 스페셜 트랙),2020.09.27
환불원정대,DON'T TOUCH ME,2020.10.10
이무진,신호등,2021.05.14
이무진,슬기로운 의사생활 시즌2 OST Part 1,2021.06.18
다비치,어느 날 우리 집 현관으로 멸망이 들어왔다 OST Part.5,2021.06.14
Seori,긴 밤,2021.06.10
오반(OVAN),허리춤,2021.06.21
세븐틴 (SEVENTEEN),SEVENTEEN 8th Mini Album 'Your Choice',2021.06.18
빅마마,하루만 더,2021.06.24
에픽하이 (EPIK HIGH),비 오는 날 듣기 좋은 노래,2021.06.29
김대명,슬기로운 의사생활 시즌2 OST Part 2,2021.06.25
NCT DREAM,Hello Future - The 1st Album Repackage,2021.06.28
2PM,MUST,2021.06.28
디핵 (D-Hack),OHAYO MY NIGHT,2020.06.20
태연 (TAEYEON),Weekend,2021.07.06
로꼬,Love(Prod.Rocoberry),2021.07.04
방탄소년단,Butter / Permission to Dance,2021.07.09
San E (산이),한여름밤의 꿀 : 다시 여름 (TEN PROJECT Part.3),2021.07.05
장범준,슬기로운 의사생활 시즌2 OST Part 3,2021.07.02
런치,Way Back Home (2021),2021.07.04
백지영,다시 사랑할 수 있을까,2021.07.07
원슈타인,밤이 되니까,2021.07.07
MSG워너비,난 너를 사랑해,2021.07.10
ASH ISLAND,잡아줄게 (Carabiner),2021.07.09
조정석,슬기로운 의사생활 시즌2 OST Part 5,2021.07.16
SG 워너비,넌 좋은 사람,2021.07.16
장범준,첫 번째 '고백',2021.07.19
이무진,과제곡,2021.07.17
거미 (GUMMY),지금 말해볼게요 (낮에 뜨는 달 X 거미),2021.07.20
PATEKO (파테코),Rainy day,2020.07.19
AKMU (악뮤),NEXT EPISODE,2021.07.26
미도와 파라솔,슬기로운 의사생활 시즌2 OST Part 6,2021.07.23
도경수(D.O.),공감 - The 1st Mini Album,2021.07.26
전상근,너무 보고싶어 (너에게 하고 싶은 말 X 전상근),2021.07.25
경서예지,은하수를 닮은 너에게,2021.07.22
헤이즈 (Heize),비가 오는 날엔 (2021),2021.08.04
전소미,DUMB DUMB,2021.08.02
미도와 파라솔,슬기로운 의사생활 시즌2 OST Special,2021.07.30
펀치 (Punch),보고 싶단 말이야,2021.08.03
10CM,두 번째 '고백',2021.08.08
선미,6분의1,2021.08.06
유연석,슬기로운 의사생활 시즌2 OST Part 7,2021.08.06
V.O.S,제자리 걸음,2021.08.11
효린,둘 중에 골라 (Summer or Summer),2021.08.10
GRAY (그레이),I Don't Love You,2021.08.10
세븐틴 (SEVENTEEN),슬기로운 의사생활 시즌2 OST Part 8,2021.08.13
Red Velvet (레드벨벳),Queendom - The 6th Mini Album,2021.08.16
다비치,사진을 보다가 (REVIBE Vol.2),2021.08.18
정경호,슬기로운 의사생활 시즌2 OST Part 9,2021.08.20
브레이브걸스,After ‘We Ride’,2021.08.23
로꼬,이대로만,2021.08.24
이무진,담아 갈게,2021.08.26
피아노맨,네 노래,2021.08.22
멜로망스,세 번째 '고백',2021.08.29
케이윌,시간을 거슬러 (낮에 뜨는 달 X 케이윌),2021.08.31
카더가든,가까운 듯 먼 그대여,2021.08.26
환희,오늘은 가지마 (2021),2021.09.01
이하이,4 ONLY,2021.09.09
규현 (KYUHYUN),별이 빛나는 밤에 (REVIBE Vol.3),2021.09.01
선우정아,Serenade,2019.12.12
STAYC(스테이씨),STEREOTYPE,2021.09.06
백예린 (Yerin Baek),선물,2021.09.10
이무진,가을 타나 봐 (REVIBE Vol.4),2021.09.14
리사 (LISA),LALISA,2021.09.10
황치열,끝이라고 말할 것 같았어,2021.09.12
HYNN (박혜원),슬기로운 의사생활 시즌2 OST Part 11,2021.09.10
NCT 127,Sticker - The 3rd Album,2021.09.17
마크툽 (MAKTUB),Red Moon : Beyond The Light,2021.09.19
전미도,슬기로운 의사생활 시즌2 OST Part 12,2021.09.17
길구봉구,너 하나야 (낮에 뜨는 달 X 길구봉구),2021.09.17
전상근,"이별 후, 첫 번째",2021.09.15
미도와 파라솔,슬기로운 의사생활 시즌2 OST Part 12,2021.09.17
주시크 (Joosiq),너를 생각해,2025.12.16
ITZY (있지),CRAZY IN LOVE,2021.09.24
어반자카파,네 번째 '고백',2021.09.26
이해리 (다비치),사랑은 언제나 목마르다 (N번째 연애 X 이해리 (다비치)),2021.09.29
신예영,전화 한 번 못하니 (너에게 하고 싶은 말 X 신예영),2021.09.26
이소정,너와 나는 이제 남이니까,2021.09.26
순순희,해운대,2021.09.22
aespa,Savage - The 1st Mini Album,2021.10.05
산들,갯마을 차차차 OST Part 6,2021.10.03
정동하,너의 모습,2021.10.04
HYNN (박혜원),바래,2021.10.03
폴킴,찬란한 계절,2021.10.07
임영웅,신사와 아가씨 OST Part.2,2021.10.11
허각,신촌을 못가,2021.10.10
케이시 (Kassy),밤새 니가 내려,2021.10.10
제시 (Jessi),Cold Blooded,2021.10.12
윤토벤,서툰 이별을 하려해,2019.08.01
최유리,갯마을 차차차 OST Part 4,2021.09.25
아이유,strawberry moon,2021.10.19
다비치,나의 첫사랑,2021.10.18
B.I,WATERFALL,2021.06.01
거미 (GUMMY),그래도 사랑이었잖아 (감정공유 : 거미),2021.10.20
세븐틴 (SEVENTEEN),SEVENTEEN 9th Mini Album 'Attacca',2021.10.22
멜로망스,유미의 세포들 OST Part 8,2021.10.15
볼빨간사춘기,Butterfly Effect,2021.10.26
NCT 127,Favorite - The 3rd Album Repackage,2021.10.25
신용재 (2F),마지막 '고백',2021.10.24
이예준,그리워 그리워,2021.10.26
송하예,사랑했던 우리가 어떻게 친구가 되니,2021.10.23
케이시 (Kassy),옛이야기,2021.10.28
임창정,별거 없던 그 하루로,2021.11.01
2AM,Ballad 21 F/W,2021.11.01
전소미,XOXO,2021.10.29
이영지,낮 밤 (feat. 박재범),2021.10.29
임한별,밤하늘의 별을(Original),2021.11.02
BE'O (비오),Bipolar,2021.05.02
임재현,다음생이 있다면 당신을 만나서 다시 사랑할래요,2021.11.08
진,지리산 OST Part.4,2021.11.07
10CM,The 3rd EP,2021.11.11
TWICE (트와이스),Formula of Love: O+T=<3,2021.11.12
이하이,"지금, 헤어지는 중입니다 OST Part.2",2021.11.14
오반(OVAN),산책,2021.11.14
다비치,"지금, 헤어지는 중입니다 OST Part.3",2021.11.19
정승환,"지금, 헤어지는 중입니다 OST Part.4",2021.11.21
멜로망스,그게 더 편할 것 같아 (N번째 연애 X 멜로망스),2021.11.26
IVE (아이브),ELEVEN,2021.12.01
이무진,눈이 오잖아(Feat.헤이즈),2021.12.03
다비치,매일 크리스마스 (Everyday Christmas),2021.12.06
MINO (송민호),"""TO INFINITY.""",2021.12.07
BE'O (비오),Counting Stars,2021.12.12
먼데이 키즈,흰눈,2021.12.12
존박,밤새 서로 미루다,2021.12.09
기리보이,"너의 밤,너의 별,너의 달",2021.12.12
EXO,겨울 스페셜 앨범 '12월의 기적 (Miracles In December)',2013.12.09
에일리(Ailee),홀로 크리스마스,2021.12.11
김민석 (멜로망스),취중고백,2021.12.19
토요태,Still I Love You,2021.12.18
aespa,Dreams Come True - SM STATION,2021.12.20
성시경,별에서 온 그대 OST Part.7,2014.02.12
태연 (TAEYEON),This Christmas - Winter is Coming,2017.12.12
김나영,그 해 우리는 OST Part.4,2021.12.21
허각,너 없이 사는 게 (N번째 연애 X 허각),2021.12.21
비비 (BIBI),그 해 우리는 OST Part.2,2021.12.13
아이유,조각집,2021.12.29
V,그 해 우리는 OST Part.5,2021.12.24
전상근,안녕 우린 헤어져야만 해,2021.12.26
10CM,그 해 우리는 OST Part.1,2021.12.07
Zion.T,선물을 고르며,2021.12.23
GOT the beat,Step Back,2022.01.03
MC몽,20th Anniversary Edition ‘Dark Hole’,2021.12.30
이선희,옷소매 붉은 끝동 OST Part.8,2022.01.01
이승윤,그 해 우리는 OST Part.7,2022.01.04
이예준,사랑이 아니었다고 말하지 마요,2022.01.09
샘김 (Sam Kim),그 해 우리는 OST Part.8,2022.01.10
양요섭,그 해 우리는 OST Part.9,2022.01.11
래원 (Layone),꽃말,2022.01.06
태연 (TAEYEON),Can't Control Myself,2022.01.17
탑현,호랑수월가,2022.01.15
기리보이,눈이 오던 날,2022.01.14
휘인 (Whee In),WHEE,2026.04.16
장범준,그 해 우리는 OST Part.10,2022.01.18
YENA (최예나),ˣ‿ˣ (SMiLEY),2022.01.17
MC몽,X by X [ 꿈 ],2022.01.21
쿠기 (Coogie),RE:UP,2022.01.24
ASH ISLAND,Because,2022.01.25
Kep1er (케플러),FIRST IMPACT,2022.01.03
TOIL,Between Sat & Sun,2022.01.30
먼데이 키즈,너 아니면 안돼,2022.02.03
프로미스나인,Midnight Guest,2022.01.17
케이시 (Kassy),조영수 리메이크 프로젝트 Part.2,2022.02.07
선예,대낮에 한 이별,2022.02.04
황인욱,강변북로,2022.02.06
마크 (MARK),Child - SM STATION : NCT LAB,2022.02.04
노을,이별을 말하는,2022.02.10
잠골버스,못해준 게 많아서,2022.02.05
태연 (TAEYEON),INVU - The 3rd Album,2022.02.14
휘인 (Whee In),"너, 너 (N번째 연애 X 휘인 (Whee In))",2022.02.13
에픽하이 (EPIK HIGH),Epik High Is Here 下,2022.02.14
Apink (에이핑크),HORN,2022.02.14
정국,Stay Alive (Prod. SUGA of BTS),2022.02.11
빅마마,Born (本),2022.02.10
STAYC(스테이씨),YOUNG-LUV.COM,2022.02.21
비투비,Be Together,2022.02.21
멜로망스,사랑인가 봐 (사내맞선 OST 스페셜 트랙),2022.02.18
MSG워너비(M.O.M),듣고 싶을까,2022.02.26
폴킴,어제처럼,2022.02.27
원슈타인,스물다섯 스물하나 OST Part 4,2022.02.26
적재,Trip:Tape #01,2022.02.27
박재범,GANADARA,2022.03.11
이예준,내 생에 아름다운,2022.03.06
태일 (TAEIL),스물다섯 스물하나 OST Part 1,2022.02.13
비비 (BIBI),스물다섯 스물하나 OST Part 3,2022.02.20
i-dle (아이들),I NEVER DIE,2022.03.14
한동근,사랑인걸,2022.03.13
박봄 (Park Bom),꽃,2022.03.11
김태리,스물다섯 스물하나 OST Part 7,2022.03.13
브레이브걸스,THANK YOU,2022.03.14
이하이,우린 어떠한 별보다 빛날 거야 (이하이 X soundtrack#1),2022.03.14
NMIXX,AD MARE,2022.02.22
창모 (CHANGMO),이렇게 둘이,2022.03.14
자우림,"Goodbye, grief.",2013.10.14
Red Velvet (레드벨벳),‘The ReVe Festival 2022 - Feel My Rhythm’,2022.03.21
조현아 (어반자카파),늦은 후회,2022.03.18
하이라이트 (HIGHLIGHT),DAYDREAM,2022.03.21
벤,벚꽃이 피면 우리 그만 헤어져,2022.03.22
양다일,소주 한 잔,2022.03.20
NCT DREAM,Glitch Mode - The 2nd Album,2022.03.28
오마이걸 (OH MY GIRL),Real Love,2022.03.28
주호,내가 아니라도,2022.03.25
BIGBANG (빅뱅),봄여름가을겨울 (Still Life),2022.04.05
IVE (아이브),LOVE DIVE,2022.04.05
주시크 (Joosiq),아무래도 난,2022.03.30
윤민수(바이브),그녀를 찾아주세요,2022.04.03
BIGBANG (빅뱅),꽃 길,2018.03.13
BE'O (비오),LOVE me,2022.04.12
김나영,너의 번호를 누르고,2022.04.12
HYNN (박혜원),친구라도 될 걸 그랬어,2022.04.08
임영웅,IM HERO,2025.08.29
볼빨간사춘기,Seoul,2022.04.20
제시 (Jessi),ZOOM,2022.04.13
세븐틴 (SEVENTEEN),SEVENTEEN 4th Album 'Face the Sun',2022.05.27
BIG Naughty (서동현),정이라고 하자,2022.04.20
송하예,니 소식2 X 송하예,2022.04.16
경서,나의 X에게,2022.04.24
싸이 (PSY),싸다9,2022.04.29
지민,우리들의 블루스 OST Part 4,2022.04.24
노을,그대가 있기에,2022.04.21
릴러말즈 (Leellamarz),자가격리,2022.04.24
멜로망스,초대,2022.05.03
LE SSERAFIM (르세라핌),FEARLESS,2022.05.02
잔나비,잔나비 소곡집 ll : 초록을거머쥔우리는,2022.05.10
10CM,우리들의 블루스 OST Part 3,2022.04.23
투모로우바이투게더,minisode 2: Thursday's Child,2022.05.09
다비치,Season Note,2022.05.16
V.O.S,아픔을 말하는,2022.05.15
잔나비,봉춤을 추네,2014.08.28
케이시 (Kassy),LOVE & HATE,2022.05.19
백예린 (Yerin Baek),물고기,2022.05.24
WSG워너비 조별경연 (대청봉),WSG워너비 조별경연,2022.05.28
릴러말즈 (Leellamarz),TOYSTORY3,2022.05.20
NCT DREAM,Beatbox - The 2nd Album Repackage,2022.05.30
방탄소년단,Proof,2022.06.10
WSG워너비,WSG워너비 12,2022.06.04
임재현,고백하는 취한밤에,2022.06.11
BIG Naughty (서동현),낭만,2022.06.09
#안녕,해요 (2022),2022.06.07
주호,그 하루,2022.06.08
나연 (TWICE),IM NAYEON,2022.06.24
aespa,Life’s Too Short,2022.06.24
이무진,Room Vol.1,2022.06.23
헤이즈 (Heize),Undo,2022.06.30
10CM,5.3,2022.07.03
WINNER,HOLIDAY,2022.07.05
aespa,Girls - The 2nd Mini Album,2022.07.08
선미,열이올라요 (Heart Burn),2022.06.29
이석훈,바보에게 바보가 (웹툰 '연애의 발견' X 이석훈),2022.07.11
청하,Bare&Rare Pt.1,2022.07.11
프로미스나인,from our Memento Box,2022.06.27
ITZY (있지),CHECKMATE,2022.07.15
세븐틴 (SEVENTEEN),SEVENTEEN 4th Album Repackage ‘SECTOR 17',2022.07.18
STAYC(스테이씨),WE NEED LOVE,2022.07.19
케이시 (Kassy),사랑이야,2022.07.22
로꼬,Somebody,2022.07.25
딘딘 (DINDIN),이러면 안 될 거 아는데 너 앞에만 서면 나락,2021.10.14
김승민,PROTOTYPE RESEARCH #0063,2021.10.19
NewJeans,NewJeans 1st EP 'New Jeans',2022.08.01
한동근,미련을 말하는,2022.07.31
소녀시대 (GIRLS' GENERATION),FOREVER 1 - The 7th Album,2022.08.05
WSG워너비,눈을 감으면,2022.08.06
탑현,사랑한다고 말해줘,2022.08.07
BLACKPINK,BORN PINK,2022.09.16
보라미유,통화연결음,2022.08.14
우원재,잠수이별,2022.08.18
21학번,스티커 사진,2022.07.12
IVE (아이브),After LIKE,2022.08.22
TWICE (트와이스),BETWEEN 1&2,2022.08.26
임한별,이별한 이유가 너무 아파,2022.08.27
츄 (CHUU),일과 이분의 일,2022.09.04
지아,술이 뭐길래,2022.09.12
시온,Braindead,2022.09.13
전상근,사랑의 시작은 고백에서부터 (Romance) (웹툰 '연애의 발견' X 전상근),2022.09.08
테이,Monologue,2022.09.18
NCT 127,질주 (2 Baddies) - The 4th Album,2022.09.16
Crush,Rush Hour,2022.09.22
10CM,딱 10CM만,2022.09.25
강민경 (다비치),우린 그렇게 사랑해서,2022.09.26
NMIXX,ENTWURF,2022.09.19
BE'O (비오),FIVE SENSES,2022.09.29
윤하 (YOUNHA),YOUNHA 6th Album Repackage 'END THEORY : Final Edition',2022.03.30
이영현,그래서 그대는,2022.10.10
김나영,못해 (Re : WIND 4MEN Vol.02),2022.10.05
경서예지,"TIMELESS (데시벨B X 경서예지, 차가을)",2022.10.09
마마무 (Mamamoo),MIC ON,2022.10.11
i-dle (아이들),I love,2022.10.17
LE SSERAFIM (르세라핌),ANTIFRAGILE,2022.10.17
권진아,진심이었던 사람만 바보가 돼,2022.10.13
임한별,떠나보낼 준비해 둘걸 그랬어,2022.10.18
로이킴,그리고,2022.10.25
백아,첫사랑,2018.10.11
경서,고백연습,2022.10.30
진,The Astronaut,2022.10.28
임영웅,Polaroid,2022.11.15
길구봉구,모든 계절은 너였다,2022.11.13
윤하 (YOUNHA),YOUNHA 6th Album 'END THEORY',2022.03.30
이예준,살다가 한번쯤 (Re : WIND 4MEN Vol.03),2022.11.10
V.O.S,나는 너였다,2022.11.20
유림,추억때문에,2022.11.13
Red Velvet (레드벨벳),‘The ReVe Festival 2022 - Birthday’,2022.11.28
카라,MOVE AGAIN,2022.11.29
탑현,내 세상은 너로 가득해,2022.11.27
주호,잘가요,2022.12.04
엠씨더맥스 (M.C the MAX),흩어지지 않게,2022.12.05
RM,Indigo,2022.12.02
ITZY (있지),CHESHIRE,2022.11.30
경서예지,그 겨울이 잠든 거리에서 (경서예지 x 전건호),2022.12.11
송하예,그대를 알고,2022.12.13
NCT DREAM,Candy - Winter Special Mini Album,2022.12.16
헤이즈 (Heize),Themselves Chapter. 2,2022.12.12
먼데이 키즈,추억 일기,2022.12.11
NewJeans,NewJeans 'OMG',2023.01.02
이창섭,천상연 (웹툰 '선녀외전' X 이창섭 (LEE CHANGSUB)),2024.02.21
PLAVE,ASTERUM : 134-1,2024.02.26
로이킴,봄이 와도,2024.03.04
DAY6 (데이식스),Fourever,2024.03.18
아일릿(ILLIT),SUPER REAL ME,2024.03.25
NCT DREAM,DREAM( )SCAPE,2024.03.25
다비치,너의 편이 돼 줄게,2024.03.26
RIIZE,RIIZING - The 1st Mini Album,2024.06.17
투모로우바이투게더,minisode 3: TOMORROW,2024.04.01
DK(디셈버),영원 (남은 인생 10년 X DK(디셈버)),2024.03.19
Crush,눈물의 여왕 OST Part.4,2024.03.24
QWER,1st Mini Album 'MANITO',2024.04.01
우디 (Woody),When You Alone,2024.04.07
LUCY,DEAR.,2020.05.08
폴킴,눈물의 여왕 OST Part.6,2024.04.06
KISS OF LIFE,Midas Touch,2024.04.03
BABYMONSTER,BABYMONS7ER,2024.04.01
헤이즈 (Heize),눈물의 여왕 OST Part.3,2024.03.17
Crush,By Your Side,2024.04.17
지코 (ZICO),SPOT!,2024.04.26
도영 (DOYOUNG),청춘의 포말 (YOUTH) - The 1st Album,2024.04.22
순순희(지환),슬픈 초대장,2023.12.19
IVE (아이브),IVE SWITCH,2024.04.29
세븐틴 (SEVENTEEN),SEVENTEEN BEST ALBUM ‘17 IS RIGHT HERE',2024.04.29
이클립스 (ECLIPSE),선재 업고 튀어 OST Part 1,2024.04.08
임영웅,온기,2024.05.06
aespa,Armageddon - The 1st Album,2024.05.27
유회승 (엔플라잉),선재 업고 튀어 OST Part 6,2024.05.06
이무진,청혼하지 않을 이유를 못 찾았어,2024.04.02
10CM,선재 업고 튀어 OST Part 8,2024.05.14
NewJeans,How Sweet,2024.05.24
tripleS (트리플에스),〈ASSEMBLE24〉,2024.05.08
민니 (MINNIE),선재 업고 튀어 OST Part 3,2024.04.16
엔플라잉 (N.Flying),선재 업고 튀어 OST Part 2,2024.04.09
AKMU (악뮤),LOVE EPISODE,2024.06.03
엔플라잉 (N.Flying),Once in a BLUE MOON,2023.05.20
이영지,16 Fantasy,2024.06.21
허각,오래된 노래,2024.06.16
성시경,산책,2024.06.17
Red Velvet (레드벨벳),Cosmic,2024.06.24
하동균,내가 그댈,2024.06.23
TWS (투어스),TWS 2nd Mini Album ‘SUMMER BEAT!’,2024.06.24
엔플라잉 (N.Flying),네가 내 마음에 자리 잡았다,2024.06.25
KISS OF LIFE,Sticky,2024.07.01
"허용별 (허각, 신용재, 임한별)",허용별 프로젝트 - Special Single,2024.06.30
i-dle (아이들),I SWAY,2024.07.08
태연 (TAEYEON),Heaven,2024.07.08
NCT 127,WALK - The 6th Album,2024.07.15
탑현,T의 연애,2024.07.14
볼빨간사춘기,Red Diary Page.2,2018.05.24
황인욱,플러팅,2024.07.26
에스파파(S.Papa.),Rebegining Story 2004,2004.12.08
PLAVE,Pump Up The Volume!,2024.08.20
NMIXX,Fe3O4: STICK OUT,2024.08.19
프로미스나인,Supersonic,2024.08.12
PLAVE,ASTERUM : The Shape of Things to Come,2023.08.24
DAY6 (데이식스),Band Aid,2024.09.02
LE SSERAFIM (르세라핌),CRAZY,2024.08.30
DAY6 (데이식스),The Day,2015.09.07
BOYNEXTDOOR,19.99,2024.09.09
MEOVV (미야오),MEOW,2024.09.06
오반(OVAN),위태로울걸,2024.08.29
QWER,2nd Mini Album 'Algorithm's Blossom',2024.09.23
비투비,Brother Act.,2017.10.16
조장혁,면도,2024.09.19
aespa,SYNK : PARALLEL LINE - Special Digital Single,2024.10.09
제니 (JENNIE),Mantra,2024.10.11
이무진,만화 (滿花),2024.10.07
로제 (ROSÉ),APT.,2024.10.18
세븐틴 (SEVENTEEN),SEVENTEEN 12th Mini Album ‘SPILL THE FEELS',2024.10.14
로이킴,내게 사랑이 뭐냐고 물어본다면,2024.10.16
PLAVE,나의 해리에게 OST Part.4,2024.10.13
aespa,Whiplash - The 5th Mini Album,2024.10.21
WOODZ,OO-LI,2023.04.26
아일릿(ILLIT),I’LL LIKE YOU,2024.10.21
G-DRAGON,PO￦ER,2024.10.31
황가람,나는 반딧불,2024.10.21
YENA (최예나),네모네모,2024.09.30
KISS OF LIFE,Lose Yourself,2024.10.15
BABYMONSTER,DRIP,2024.11.01
G-DRAGON,"HOME SWEET HOME (feat. 태양, 대성)",2024.11.22
태연 (TAEYEON),Letter To Myself - The 6th Mini Album,2024.11.18
재쓰비 (JAESSBEE),너와의 모든 지금,2024.11.11
로제 (ROSÉ),number one girl,2024.11.22
G-DRAGON,권지용,2017.06.08
로제 (ROSÉ),rosie,2024.12.06
순순희,살기 위해서,2022.04.24
정승환,그리고 봄,2018.02.19
박효신,HERO (From the Film “소방관”),2024.12.16
TWICE (트와이스),Merry & Happy,2017.12.11
BOYNEXTDOOR,오늘만 I LOVE YOU,2025.01.06
마크툽 (MAKTUB),시작의 아이 ハジマリのコ (Starting With You),2025.08.10
폴킴,내가 널 지켜줄게 (나의 완벽한 비서 OST Special Track),2025.01.02
부석순 (SEVENTEEN),부석순 2nd Single Album 'TELEPARTY',2025.01.08
BIGBANG (빅뱅),MADE,2016.12.13
IVE (아이브),IVE EMPATHY,2025.02.03
RIIZE,Hug (포옹),2025.01.08
여자친구 (GFRIEND),Season of Memories,2025.01.13
PLAVE,Caligo Pt.1,2025.02.03
제니 (JENNIE),Love Hangover,2025.01.31
황가람,미치게 그리워서,2025.02.09
김보경 (NEON),Storm,2025.01.30
조째즈,모르시나요,2025.01.07
지수 (JISOO),AMORTAGE,2025.02.14
G-DRAGON,Übermensch,2025.02.25
KiiiKiii (키키),UNCUT GEM,2025.03.24
제니 (JENNIE),ExtraL,2025.02.21
Hearts2Hearts (하츠투하츠),The Chase,2025.02.24
제니 (JENNIE),Ruby,2025.03.07
10CM,너에게 닿기를,2025.03.06
j-hope,Sweet Dreams (feat. Miguel),2025.03.07
LE SSERAFIM (르세라핌),HOT,2025.03.14
오반(OVAN),교회오빠,2025.03.13
BOYNEXTDOOR,이렇게 좋아해 본 적이 없어요 (소녀의 세계 X BOYNEXTDOOR),2025.03.14
이예은,MY LOVE(2025),2025.02.22
송필근,숙녀에게,2025.03.16
우디 (Woody),어제보다 슬픈 오늘,2025.03.31
RESCENE (리센느),SCENEDROME,2024.08.27
임영웅,천국보다 아름다운,2025.04.14
NCT WISH,poppop - The 2nd Mini Album,2025.04.14
G-DRAGON,굿데이 2025 (텔레파시 + 달빛 창가에서),2025.04.24
마크 (MARK),The Firstfruit - The 1st Album,2025.04.07
TWS (투어스),TWS 3rd Mini Album ‘TRY WITH US’,2025.04.21
현서 (HYUN SEO),춘몽,2025.02.18
DAY6 (데이식스),Maybe Tomorrow,2025.05.07
MEOVV (미야오),MY EYES OPEN VVIDE,2025.05.12
BOYNEXTDOOR,No Genre,2025.05.13
투모로우바이투게더,언젠가는 슬기로울 전공의생활 OST Part 9,2025.05.11
도경수(D.O.),언젠가는 슬기로울 전공의생활 OST Part 6,2025.04.27
RIIZE,ODYSSEY - The 1st Album,2025.05.19
아이유,꽃갈피 셋,2025.05.27
세븐틴 (SEVENTEEN),SEVENTEEN 5th Album ‘HAPPY BURSTDAY’,2025.05.26
마틴스미스,봄 그리고 너,2017.04.25
QWER,"3rd Mini Album '난 네 편이야, 온 세상이 불협일지라도'",2025.06.09
엔플라잉 (N.Flying),Everlasting,2025.05.28
아일릿(ILLIT),bomb,2025.06.16
데이먼스 이어 (Damons year),yours,2019.04.10
ALLDAY PROJECT,FAMOUS,2025.06.23
aespa,Dirty Work,2025.06.27
FIFTY FIFTY,Day & Night,2025.04.29
Hearts2Hearts (하츠투하츠),STYLE,2025.06.18
프로미스나인,From Our 20's,2025.06.25
BLACKPINK,뛰어(JUMP),2025.07.11
H1-KEY (하이키),H1-KEY 4th Mini Album [Lovestruck],2025.06.26
NCT DREAM,Go Back To The Future,2025.07.14
거북이,거북이 사요!!,2006.07.20
먼데이 키즈,먼키의 발자국 Vol.1 With 이이경,2025.07.27
이찬혁,EROS,2025.07.14
카더가든,나무,2019.04.16
박다혜,시작의 아이 ❍ ハジマリのコ Starting With You : ♡,2025.08.10
NCT WISH,COLOR - The 3rd Mini Album,2025.09.01
IVE (아이브),IVE SECRET,2025.08.25
이창섭,한번 더 이별 (첫사랑 엔딩 X 이창섭),2025.08.27
임창정,보고싶지 않은 니가 보고싶다,2025.08.07
aespa,Rich Man - The 6th Mini Album,2025.09.05
임영웅,IM HERO 2,2025.08.29
DAY6 (데이식스),The DECADE,2025.09.05
아이유,"바이, 썸머",2025.09.10
DK(디셈버),가만히 눈을 감고,2025.09.07
CORTIS (코르티스),COLOR OUTSIDE THE LINES,2025.09.08
다영 (DAYOUNG),"gonna love me, right?",2025.09.09
브라운 아이드 소울,Soul Tricycle,2025.09.23
WOODZ,I'll Never Love Again,2025.09.24
NMIXX,Blue Valentine,2025.10.13
다비치,타임캡슐,2025.10.16
화사 (HWASA),Good Goodbye,2025.10.15
BOYNEXTDOOR,The Action,2025.10.20
Hearts2Hearts (하츠투하츠),FOCUS - The 1st Mini Album,2025.10.20
MEOVV (미야오),BURNING UP,2025.10.14
LE SSERAFIM (르세라핌),SPAGHETTI,2025.10.24
로이킴,달리 표현할 수 없어요,2025.10.27
TWS (투어스),TWS 4th Mini Album ‘play hard’,2025.10.13
한로로,이상비행,2023.08.29
기리보이,영화같게,2020.10.04
에일리(Ailee),I'm,2020.10.06
경서예지,사실 나는,2020.04.12
로꼬,SOME TIME,2020.10.14
임창정,하루도 그대를 사랑하지 않은 적이 없었다,2018.09.19
규현 (KYUHYUN),내 마음을 누르는 일 (Daystar),2020.10.08
이우,소개팅 날,2020.10.09
임창정,I'M,2016.09.06
펀치 (Punch),너의 목소리,2020.10.15
임창정,힘든 건 사랑이 아니다,2020.10.19
Crush,with HER,2020.10.20
마마무 (Mamamoo),딩가딩가 (Dingga),2020.10.20
이수현,ALIEN,2020.10.16
먼데이 키즈,"사랑 못해, 남들 쉽게 다 하는 거",2020.10.21
XIA (준수),사랑하고 싶지 않아 (바른연애 길잡이 X XIA (준수)),2020.10.18
송하예,Happy,2020.10.17
장범준,잠이 오질 않네요,2020.10.17
세븐틴 (SEVENTEEN),SEVENTEEN Special Album '; [Semicolon]',2020.10.17
스탠딩 에그,사랑하는 너에게 (취향저격 그녀 X 스탠딩 에그),2020.10.17
적재,나랑 같이 걸을래 (바른연애 길잡이 X 적재),2020.10.23
TWICE (트와이스),Eyes wide open,2020.10.26
폴킴,너도 아는,2020.10.27
케이시 (Kassy),추(秋)억,2020.10.26
노을,너의 곁에만 맴돌아,2020.10.30
MINO (송민호),TAKE,2020.10.30
마마무 (Mamamoo),TRAVEL,2020.11.03
볼빨간사춘기,Filmlet,2020.11.04
잔나비,잔나비 소곡집 l,2020.11.06
다비치,스타트업 OST Part.7,2020.11.01
다이나믹 듀오,SOON,2020.11.03
임영웅,HERO,2025.08.29
V.O.S,니 이름 불렀나 봐,2020.11.08
여자친구 (GFRIEND),回:Walpurgis Night,2020.11.09
이승철,이승철 35주년 기념 앨범 Special 'My Love',2020.11.05
로꼬,너의 하루 (바른연애 길잡이 X 로꼬),2020.11.09
에릭남 (Eric Nam),"끌림 (바니와 오빠들 X 에릭남 (Eric Nam), 이나은 (에이프릴))",2020.11.08
창모 (CHANGMO),광장동에서,2020.11.13
이승기,뻔한남자,2020.11.15
경서,밤하늘의 별을(2020),2020.11.14
AKMU (악뮤),HAPPENING,2020.11.16
방탄소년단,BE,2020.11.20
길구봉구,알았다면,2020.11.15
김나영,니가 없다면,2020.11.13
코드 쿤스트 (CODE KUNST),RECONNECT,2021.12.09
aespa,Black Mamba,2020.11.17
임한별,이 노래가 뭐라고,2020.11.24
벤,혼술하고 싶은 밤,2020.12.02
양요섭,한 번에 알아본 사랑 (바른연애 길잡이 X 양요섭),2020.12.03
정승환,어김없이 이 거리에,2020.12.08
IZ*ONE (아이즈원),One-reeler / Act IV,2020.12.07
백예린 (Yerin Baek),tellusboutyourself,2020.12.10
태연 (TAEYEON),What Do I Call You - The 4th Mini Album,2020.12.15
이하이,For You,2020.12.16
이승기,The Project,2020.12.10
황인욱,한잔이면 지워질까,2020.12.15
신용재 (2F),너로 물든다 (바른연애 길잡이 X 신용재 (2F)),2020.12.11
방탄소년단,Dynamite (Holiday Remix),2020.12.11
나얼,서로를 위한 것,2020.12.21
이예준,그날에 나는 맘이 편했을까,2020.12.03
#안녕,너의 번호를 누르고,2019.11.30
기리보이,9컷,2020.12.23
백현 (BAEKHYUN),놀이공원 (Amusement Park),2020.12.21
10CM,5.1,2020.12.23
마미손,나의슬픔(My Sadness),2019.11.18
#안녕,붙잡고 싶어도,2020.12.19
허각,Hello,2020.12.28
양다일,요즘,2020.12.29
윤도 (YoonDo),12월의 어느 겨울…,2020.12.26
전상근,내 방,2025.02.19
비,나로 바꾸자 (duet with JYP),2020.12.31
송이한,밝게 빛나는 별이 되어 비춰줄게,2020.12.29
에일리(Ailee),도깨비 OST Part.9,2017.01.07
장덕철,겨울잠,2021.01.07
i-dle (아이들),I burn,2021.01.11
머쉬베놈 (MUSHVENOM),굴젓 (G+Jus),2021.01.12
이수 (엠씨더맥스),Your Lights (바이크 원정대 OST Part.1),2021.01.07
에픽하이 (EPIK HIGH),Epik High Is Here 上,2021.01.18
HYNN (박혜원),그대 없이 그대와,2021.01.21
아이유,IU 5th Album 'LILAC',2021.03.25
10CM,이 밤을 빌려 말해요 (바른연애 길잡이 X 10CM),2021.01.24
아이유,최고의 사랑 OST Part.4,2011.05.25
규현 (KYUHYUN),마지막 날에 (Moving On),2021.01.26
현아,I’m Not Cool,2021.01.28
IZ*ONE (아이즈원),D-D-DANCE,2021.01.26
양다일,our joys and sadnesses,2021.01.22
경서 (경서예지),술 한잔 해요,2021.01.31
정동하,추억은 만남보다 이별에 남아,2021.01.31
허각,고백 (바른연애 길잡이 X 허각),2021.02.04
개코,마음이 그래,2021.02.04
진민호,Color Of Love,2021.01.30
이예준,다시 만날까 봐 (Prod.V.O.S),2021.02.07
윤하 (YOUNHA),서른 밤째 (바른연애 길잡이 X 윤하 (YOUNHA)),2021.02.08
KCM,흑백사진 (2021) (바른연애 길잡이 X KCM),2021.02.06
라비 (RAVI),"범(feat.Chillin Homie, Kid Milli)",2021.02.08
청하,Querencia,2021.02.15
선미,꼬리 (TAIL),2021.02.23
SHINee (샤이니),Don't Call Me - The 7th Album,2021.02.22
먼데이 키즈,사랑한단 거짓말은 안 할래,2021.02.21
폴킴,사랑하는 당신께,2021.02.25
케이시 (Kassy),"비밀:리에 vol.2 ""오늘도 난 봄을 기다려""",2021.02.18
이소정,함께 했는데 이별은 나 혼자인 거야,2021.02.19
죠지,좋아해.. (바른연애 길잡이 X 죠지),2021.02.18
브레이브걸스,Rollin',2017.03.07
양요섭,"LOVE DAY (2021) (바른연애 길잡이 X 양요섭, 정은지)",2021.03.05
MC몽,FLOWER 9,2021.03.02
릴보이 (lIlBOI),FRIENDS,2021.02.27
ASH ISLAND,멜로디,2021.02.25
린,그댈 새겨두어요 (바른연애 길잡이 X 린),2021.03.03
로제 (ROSÉ),R,2021.03.12
임창정,펜트하우스2 OST Part.1,2021.03.09
마크툽 (MAKTUB),Red Moon : Full Bloom (滿開),2021.03.07
빈첸,FLYING HIGH WITH U,2021.03.07
임영웅,별빛 같은 나의 사랑아,2021.03.09
이하이,그 한마디 (바른연애 길잡이 X 이하이),2021.03.14
CHEEZE (치즈),이렇게 좋아해 본 적이 없어요 (소녀의 세계 X CHEEZE(치즈)),2021.03.14
제시 (Jessi),어떤X (What Type of X),2021.03.17
브레이브걸스,We Ride,2020.08.14
김나영,겨울이 지나고 봄이 오듯이,2021.03.14
이루,이루 LEVEL II,2006.10.09
기리보이,시공간이랑 어쩌라고,2021.03.22
호미들,사이렌 Remix,2021.03.20
백현 (BAEKHYUN),Bambi - The 3rd Mini Album,2021.03.30
오반(OVAN),안아줘,2021.03.28
노을,오늘도 그대만 (re;code Episode Ⅵ),2021.03.30
엠씨더맥스 (M.C the MAX),CEREMONIA (Complete Edition),2021.03.25
웬디 (WENDY),Like Water - The 1st Mini Album,2021.04.05
황치열,Be My Reason,2021.04.02
경서예지,모를까봐서(2021),2021.04.04
다비치,그냥 안아달란 말야,2021.04.12
휘인 (Whee In),Redd,2021.04.13
SHINee (샤이니),Atlantis - The 7th Album Repackage,2021.04.12
조이 (JOY),왜 사랑은 언제나 쉽지 않을까? (바른연애 길잡이 X 조이 (JOY)),2021.04.15
박재범,SUMMERIDE,2021.04.12
STAYC(스테이씨),STAYDOM,2021.04.08
SG 워너비,Sg Wanna Be+,2004.01.20
SG 워너비,My Friend,2008.04.24
SG 워너비,The Precious History,2006.11.15
SG 워너비,살다가,2005.03.23
SG 워너비,The Sentimental Chord,2007.04.06
하동균,기다릴게,2021.04.22
DAY6 (데이식스),The Book of Us : Negentropy - Chaos swallowed up in love,2021.04.19
SG 워너비,SG Wannabe 7 Part.1,2010.10.19
케이시 (Kassy),너의 발걸음에 빛을 비춰줄게 (Prod. 조영수),2021.04.27
한동근,그렇게 말해줘서 고마워,2021.04.26
닐로(Nilo),들려줄게,2021.04.27
ITZY (있지),GUESS WHO,2021.04.30
하이라이트 (HIGHLIGHT),The Blowing,2021.05.03
펀치 (Punch),헤어지는거죠,2021.05.05
호미들,Ghetto Kids,2020.05.15
벤,여자이니까,2021.05.04
오마이걸 (OH MY GIRL),Dear OHMYGIRL,2021.05.10
라붐 (LABOUM),Fresh Adventure,2016.04.06
NCT DREAM,맛 (Hot Sauce) - The 1st Album,2021.05.10
숀 (SHAUN),#0055b7,2021.05.09
황인욱,응급실 (2021),2021.05.07
10CM,5.2 (Feat. 이수현),2021.05.13
aespa,Next Level,2021.05.17
방탄소년단,Butter,2021.05.21
헤이즈 (Heize),HAPPEN,2021.05.20
송하예,마음이 다쳐서(2021),2021.05.16
이루,까만안경 (2021),2021.05.16
성시경,성시경 8th Album [ㅅ (시옷)],2021.05.21
NS 윤지,If You Love Me (Feat. 주헌 (몬스타엑스)),2021.05.22
경서예지,다정히 내 이름을 부르면 (경서예지 x 전건호),2021.05.19
정승환,다섯 마디,2021.05.26
조이 (JOY),안녕 (Hello) - Special Album,2021.05.31
반하나,벌써일년,2021.05.30
마마무 (Mamamoo),WAW,2021.06.02
투모로우바이투게더,혼돈의 장: FREEZE,2021.05.31
TWICE (트와이스),Taste of Love,2021.06.11
EXO,DON'T FIGHT THE FEELING - Special Album,2021.06.07
청하,내 입술 따뜻한 커피처럼,2021.06.08
브레이브걸스,Summer Queen,2021.06.17
장범준,장범준 싱글,2021.06.11
전상근,오늘따라 더 미운 그대가,2021.06.13
우디 (Woody),Say I Love You (Re : WIND 4MEN Vol.04),2022.12.21
성시경,나얼 <Ballad Pop City>,2022.12.27
테이,이 소설의 끝을 다시 써보려 해,2022.12.28
최유리,그댄 행복에 살텐데 (2022),2022.12.27
태양,VIBE (feat. Jimin of BTS),2023.01.13
몬스타엑스,REASON,2023.01.09
신예영,마지막 사랑,2023.01.12
양다일,사랑해도 될까요,2023.01.15
김연지,가슴으로 운다,2023.01.11
이예준,니 번호가 뜨는 일,2023.01.17
YENA (최예나),Love War,2023.01.16
GOT the beat,Stamp On It - The 1st Mini Album,2023.01.16
신예영,혼잣말 獨白,2023.01.24
투모로우바이투게더,이름의 장: TEMPTATION,2023.01.27
BIG Naughty (서동현),사랑의 이해 OST Part.5,2023.01.18
순순희(기태),그대가 내 안에 박혔다(그내박),2023.01.23
NCT 127,Ay-Yo - The 4th Album Repackage,2023.01.30
BIG Naughty (서동현),친구로 지내다 보면,2023.01.29
태연 (TAEYEON),나얼 <Ballad Pop City>,2023.02.02
부석순 (SEVENTEEN),부석순 1st Single Album 'SECOND WIND',2023.02.06
STAYC(스테이씨),Teddy Bear,2023.02.14
박재범,Yesterday,2023.02.13
허각,Endless,2023.02.09
DK(디셈버),심(心),2023.02.19
임재현,세상에 없는 계절,2023.01.29
투모로우바이투게더,이젠 안녕 (연애혁명 X 투모로우바이투게더),2023.02.22
H1-KEY (하이키),H1-KEY 1st Mini Album [Rose Blossom],2023.01.05
지아,사랑하기 싫어,2023.02.24
김민석 (멜로망스),너와 함께,2023.02.26
포맨 (4MEN),나비무덤,2023.03.01
BIG Naughty (서동현),호프리스 로맨틱,2023.02.28
나얼,나얼 <Ballad Pop City>,2022.12.27
Zior Park,WHERE DOES SASQUATCH LIVE? PART 1,2023.02.16
j-hope,on the street (with J. Cole),2023.03.03
정효빈,혼자가 아닌 나,2023.03.01
우디 (Woody),Nostalgia,2023.03.06
임창정,그대라는 사치,2023.03.12
코드 쿤스트 (CODE KUNST),Archive 01,2023.03.08
WSG워너비 (가야G),결국엔 너에게 닿아서,2023.03.17
송하예,너를 보는게 지친 하루에,2023.03.19
지민,FACE,2023.03.24
먼데이 키즈,되돌리다,2023.03.19
NMIXX,expérgo,2023.03.20
코드 쿤스트 (CODE KUNST),Remember Archive,2023.03.16
IVE (아이브),I've IVE,2023.04.10
주주 시크릿,밤이 무서워요 (Lonely Night),2023.03.25
지수 (JISOO),ME,2023.03.31
이홍기 (FT아일랜드),아모르 파티,2023.03.22
TWICE (트와이스),READY TO BE,2023.03.10
NewJeans,Zero,2023.04.03
임한별,사랑하지 않아서 그랬어,2023.04.02
Agust D,D-DAY,2023.04.21
DK(디셈버),발걸음,2023.03.30
FIFTY FIFTY,The Beginning: Cupid,2023.02.24
#안녕,가질 수 없는 너,2023.04.06
헤이즈 (Heize),빙글빙글,2023.04.05
볼빨간사춘기,사랑.zip,2023.04.16
던 (DAWN),빛이 나는 너에게,2023.04.13
NCT 도재정,Perfume - The 1st Mini Album,2023.04.17
한동근,다시 사랑한다면,2023.04.11
세븐틴 (SEVENTEEN),SEVENTEEN 10th Mini Album ‘FML',2023.04.24
박재정,1집 Alone,2023.04.20
태양,Down to Earth,2023.04.25
임재현,시작은 첫키스 OST Part.1,2023.04.25
이채연,Over The Moon,2023.04.12
LE SSERAFIM (르세라핌),UNFORGIVEN,2023.05.01
허각,물론,2023.04.28
V.O.S,안녕이라고 말하지마,2023.04.30
비투비,WIND AND WISH,2023.05.02
스탠딩 에그,청소 (여름날 우리 X 스탠딩 에그),2023.04.27
aespa,MY WORLD - The 3rd Mini Album,2023.05.08
이무진,잠깐 시간 될까,2023.05.09
i-dle (아이들),I feel,2023.05.15
지아,사랑..그게 뭔데,2023.05.12
10CM,5.4 [부동의 첫사랑],2023.05.14
방탄소년단,The Planet,2023.05.12
규현 (KYUHYUN),"우리 사랑 이대로 (여름날 우리 X 규현 (KYUHYUN), 정은지)",2023.05.16
이홍기 (FT아일랜드),한사람만 (2023) (여름날 우리 X 이홍기 (FT아일랜드)),2023.05.18
박재범,Candy,2023.05.23
허각,운다 운다,2023.05.21
멜로망스,찬란한 하루,2023.05.29
폴킴,한강에서,2023.05.25
경서,ONGOING,2023.05.26
황인욱,이 새벽에 전화하는 건,2023.05.28
이우,상록수,2023.05.28
윤하 (YOUNHA),YOUNHA Studio Live Album 'MINDSET',2023.05.10
임영웅,모래 알갱이,2023.06.05
케이시 (Kassy),사실말야내가말야그게그러니까말이야,2023.06.04
방탄소년단,Take Two,2023.06.09
전상근,우리 왜 헤어져야 해 (여름날 우리 X 전상근),2023.06.06
Stray Kids (스트레이 키즈),★★★★★ (5-STAR),2023.06.02
제이세라,사랑의 바보,2023.06.10
탑현,나에게 그대만이,2023.06.11
죠지,Boat,2017.11.17
NCT DREAM,ISTJ - The 3rd Album,2023.07.17
이홍기 (FT아일랜드),"희재, 삭제",2023.06.14
B.I,TO DIE FOR,2023.06.01
지아,사랑하지 않아서 그랬니,2023.06.22
SHINee (샤이니),HARD - The 8th Album,2023.06.26
NewJeans,NewJeans 2nd EP 'Get Up',2023.07.21
정국,Still With You,2020.06.05
로이킴,"잘 지내자, 우리 (여름날 우리 X 로이킴)",2023.07.06
빈지노 (Beenzino),NOWITZKI,2023.07.03
볼빨간사춘기,여름날 (feat. 하현상),2023.07.05
정국,Seven (feat. Latto) - Clean Ver.,2023.07.14
김민석 (멜로망스),예뻤어 (여름날 우리 X 김민석 (멜로망스)),2023.07.07
EXO,EXIST - The 7th Album,2023.07.10
ZEROBASEONE (제로베이스원),YOUTH IN THE SHADE,2023.07.10
Paul Blanco,Summer,2022.06.15
경서,어디든 가자 (Feat. 허성현),2023.07.16
우디 (Woody),사막에서 꽃을 피우듯,2023.07.14
오마이걸 (OH MY GIRL),Golden Hourglass,2023.07.24
IVE (아이브),I WANT,2023.07.13
전소미,GAME PLAN,2023.08.07
우효,민들레,2017.05.30
ITZY (있지),KILL MY DOUBT,2023.07.31
V,Layover,2023.09.08
STAYC(스테이씨),TEENFRESH,2023.08.16
권은비,Lethality,2022.10.12
AKMU (악뮤),Love Lee,2023.08.21
김연지,미친 사랑의 노래,2023.08.20
이세계아이돌,KIDDING,2023.08.18
헤이즈 (Heize),언젠간 괜찮아질 이야기,2023.08.29
aespa,Better Things,2023.09.08
화사 (HWASA),I Love My Body,2023.09.06
미연 (MIYEON),연인 OST Part.4,2023.08.20
RIIZE,Get A Guitar,2023.09.04
릴러말즈 (Leellamarz),거리에서,2023.08.13
"허용별 (허각, 신용재, 임한별)",허용별 프로젝트 #1,2023.09.10
BIG Naughty (서동현),ICN > YVR,2023.11.23
도경수(D.O.),기대 - The 2nd Mini Album,2023.09.18
IVE (아이브),I'VE MINE,2023.10.13
정국,3D (feat. Jack Harlow),2023.09.29
제니 (JENNIE),JENNIE Special Single [You & Me],2023.10.06
케이시 (Kassy),너 밖엔 없더라,2023.10.03
임영웅,Do or Die,2023.10.09
NCT 127,Fact Check - The 5th Album,2023.10.06
dori,밤 (Night),2023.08.17
화사 (HWASA),Chili,2023.10.04
Yyeon,Fairy Tale,2022.12.23
성시경,잠시라도 우리,2023.10.19
투모로우바이투게더,이름의 장: FREEFALL,2023.10.13
영탁,FORM,2023.08.01
쿠기 (Coogie),Right Now,2023.09.12
세븐틴 (SEVENTEEN),SEVENTEEN 11th Mini Album ‘SEVENTEENTH HEAVEN',2023.10.23
릴러말즈 (Leellamarz),인생은 한번이야,2023.10.26
LE SSERAFIM (르세라핌),Perfect Night,2023.10.27
범진,인사,2021.12.24
정국,GOLDEN,2023.11.03
최유리,여행: 플리(playlist) OST Part.2,2023.10.29
너드커넥션 (Nerd Connection),그대만 있다면 (여름날 우리 X 너드커넥션 (Nerd Connection)),2023.08.15
aespa,Drama - The 4th Mini Album,2023.11.10
최유리,유영,2022.08.24
Red Velvet (레드벨벳),Chill Kill - The 3rd Album,2023.11.13
다비치,지극히 사적인 얘기,2023.11.15
Crush,wonderego,2023.11.14
DEAN,4:44,2023.11.18
NewJeans,2023 리그 오브 레전드 월드 챔피언십 주제곡,2023.10.04
DAY6 (데이식스),Every DAY6 February,2017.02.06
태연 (TAEYEON),To. X - The 5th Mini Album,2023.11.27
BE'O (비오),미쳐버리겠다 (MAD),2023.11.28
QWER,1st Single Album 'Harmony from Discord',2023.10.18
임재현,비의 랩소디,2023.12.03
헤이즈 (Heize),Last Winter,2023.12.07
로이킴,로이킴 X 마이데몬,2023.12.01
볼빨간사춘기,Merry Go Round,2023.12.12
이무진,에피소드,2023.12.13
이하이,골목길,2023.12.12
ASH ISLAND,Stay With Me,2023.12.18
폴킴,화이트 (White),2023.12.21
PLAVE,Merry PLLIstmas,2023.12.12
다비치,D-MAKE,2015.12.16
VIVIZ (비비지),The 4th Mini Album 'VERSUS',2023.11.02
NCT 127,Be There For Me - Winter Special Single,2023.12.22
DAY6 (데이식스),The Book of Us : Gravity,2019.07.15
Sondia,나의 아저씨 OST Part.2,2018.03.29
RIIZE,Love 119,2024.01.05
안세하,I Love You,2024.01.06
RIIZE,Talk Saxy,2023.10.27
화곡동 청개구리,기억해줘요 내 모든 날과 그때를,2024.01.16
아이유,The Winning,2024.02.20
태연 (TAEYEON),웰컴투 삼달리 OST Part.3,2023.12.17
i-dle (아이들),2,2024.01.29
TWS (투어스),TWS 1st Mini Album ‘Sparkling Blue’,2024.01.22
그루비룸 (GroovyRoom),Yes or No,2024.01.17
NMIXX,Fe3O4: BREAK,2024.01.15
에일리(Ailee),하루,2024.02.04
적재,새벽 통화,2024.01.28
비비 (BIBI),밤양갱,2024.02.13
이예준,널 미워하기로 했어,2024.01.28
LE SSERAFIM (르세라핌),EASY,2024.02.19
BIG Naughty (서동현),딱 1년만,2025.10.27
AOA,짧은 치마,2014.01.16
나윤권,나였으면,2025.11.07
이보람 (씨야),당신을 위하여,2025.11.02
ALLDAY PROJECT,ALLDAY PROJECT,2026.03.09
한로로,자몽살구클럽,2025.08.04
아샤트리,그래 늦지 않았어(2025),2025.11.13
RIIZE,Fame,2025.11.24
노아주다 (noahjooda),M O T N O A H,2022.03.13
아일릿(ILLIT),NOT CUTE ANYMORE,2025.11.24
태연 (TAEYEON),Panorama : The Best of TAEYEON,2025.12.01
프로미스나인,하얀 그리움,2025.12.02
2BIC(투빅),Soul Mate (소울메이트),2014.04.10
이창섭,"365일 (오늘 밤, 세계에서 이 사랑이 사라진다 해도 X 이창섭)",2025.12.11
DAY6 (데이식스),Lovin' the Christmas,2025.12.15
김진표,Romantic 겨울,2009.12.17
지코 (ZICO),DUET,2025.12.19
성시경,Jelly Christmas 2013,2013.12.10
스윙스,쇼미더머니 8 Episode 1,2019.08.24
BIG Naughty (서동현),쇼미더머니 8 Episode 4,2019.09.21
오마이걸 (OH MY GIRL),퀸덤 <커버곡 경연> Part.2,2019.09.20
YUNB,쇼미더머니 8 Episode 3,2019.09.14
Woodie Gochild,쇼미더머니 8 Episode 2,2019.08.31
폴킴,"정규 2집 '마음, 하나'",2019.10.07
보이비,유플래쉬,2019.10.19
i-dle (아이들),퀸덤 <FINAL 컴백 싱글>,2019.10.25
마마무 (Mamamoo),퀸덤 <FINAL 컴백 싱글>,2019.10.25
오마이걸 (OH MY GIRL),퀸덤 <FINAL 컴백 싱글>,2019.10.25
태연 (TAEYEON),겨울왕국 2 (한국어 버전),2019.11.15
임영웅,내일은 미스터트롯 트롯 에이드 베스트,2020.02.21
영탁,내일은 미스터트롯 데스매치 PART1,2020.01.30
영탁,내일은 미스터트롯 결승전 베스트,2020.03.13
임영웅,내일은 미스터트롯 예선곡 베스트,2020.01.17
임영웅,내일은 미스터트롯 레전드 미션 베스트,2020.03.06
이상순,두리쥬와 X LINDA X 신난다,2020.08.01
임영웅,사랑의 콜센타 PART19,2020.08.14
NCT U,NCT RESONANCE Pt. 1 - The 2nd Album,2020.10.12
미란이 (MIRANI),쇼미더머니 9 Episode 1,2020.11.21
릴보이 (lIlBOI),쇼미더머니 9 Episode 1,2020.11.21
스윙스,쇼미더머니 9 Episode 1,2020.11.21
허성현 (rosy),쇼미더머니 9 Episode 1,2020.11.21
릴보이 (lIlBOI),쇼미더머니 9 Episode 3,2020.12.05
미란이 (MIRANI),쇼미더머니 9 Episode 3,2020.12.05
Khundi Panda,쇼미더머니 9 Episode 3,2020.12.05
스윙스,쇼미더머니 9 Episode 2,2020.11.28
원슈타인,쇼미더머니 9 Episode 3,2020.12.05
머쉬베놈 (MUSHVENOM),쇼미더머니 9 Episode 3,2020.12.05
스윙스,쇼미더머니 9 Semi Final,2020.12.12
머쉬베놈 (MUSHVENOM),쇼미더머니 9 Semi Final,2020.12.12
릴보이 (lIlBOI),쇼미더머니 9 Semi Final,2020.12.12
Khundi Panda,쇼미더머니 9 Semi Final,2020.12.12
래원 (Layone),쇼미더머니 9 Semi Final,2020.12.12
원슈타인,쇼미더머니 9 Semi Final,2020.12.12
릴보이 (lIlBOI),쇼미더머니 9 Final,2020.12.19
머쉬베놈 (MUSHVENOM),쇼미더머니 9 Final,2020.12.19
래원 (Layone),쇼미더머니 9 Final,2020.12.19
"MSG워너비 TOP 8 (별루지, 김정수, 강창모, 정기석, 이동휘, 이상이, 박재정, 원슈타인)",MSG워너비 TOP 8 경연곡,2021.05.22
MSG워너비(정상동기),MSG워너비 TOP 8 경연곡,2021.05.22
MSG워너비(M.O.M),MSG워너비 TOP 8 경연곡,2021.05.22
MSG워너비(M.O.M),MSG워너비 1집,2021.06.26
MSG워너비(정상동기),MSG워너비 1집,2021.06.26
임영웅,사랑의 콜센타 PART62,2021.07.06
임영웅,사랑의 콜센타 PART56,2021.05.25
임영웅,사랑의 콜센타 PART61,2021.06.29
임영웅,사랑의 콜센타 PART60,2021.06.22
임영웅,뽕숭아학당 PART23,2021.06.21
아넌딜라이트(Anandelight),쇼미더머니 10 Episode 1,2021.11.06
개코,쇼미더머니 10 Episode 1,2021.11.06
Don Mills,쇼미더머니 10 Episode 1,2021.11.06
염따,쇼미더머니 10 Episode 1,2021.11.06
sokodomo,쇼미더머니 10 Episode 2,2021.11.13
조광일,쇼미더머니 10 Episode 2,2021.11.13
BE'O (비오),쇼미더머니 10 Episode 3,2021.11.20
베이식 (Basick),쇼미더머니 10 Episode 3,2021.11.20
KOONTA (쿤타),쇼미더머니 10 Episode 3,2021.11.20
SINCE,쇼미더머니 10 Episode 3,2021.11.20
Mudd the student,쇼미더머니 10 Episode 3,2021.11.20
BE'O (비오),쇼미더머니 10 Semi Final,2021.11.27
Mudd the student,쇼미더머니 10 Semi Final,2021.11.27
조광일,쇼미더머니 10 Semi Final,2021.11.27
베이식 (Basick),쇼미더머니 10 Semi Final,2021.11.27
KOONTA (쿤타),쇼미더머니 10 Semi Final,2021.11.27
sokodomo,쇼미더머니 10 Semi Final,2021.11.27
SINCE,쇼미더머니 10 Semi Final,2021.11.27
아넌딜라이트(Anandelight),쇼미더머니 10 Semi Final,2021.11.27
BE'O (비오),쇼미더머니 10 Final,2021.12.04
SINCE,쇼미더머니 10 Final,2021.12.04
조광일,쇼미더머니 10 Final,2021.12.04
NCT U,Universe - The 3rd Album,2021.12.14
WSG워너비 (가야G),WSG워너비 1집,2022.07.09
WSG워너비(4FIRE),WSG워너비 1집,2022.07.09
WSG워너비 (오아시소),WSG워너비 1집,2022.07.09
지코 (ZICO),스트릿 맨 파이터(SMF) Original Vol.3 (계급미션),2022.09.06
윤미래,스트릿 맨 파이터(SMF) Original Vol.3 (계급미션),2022.09.06
저스디스 (JUSTHIS),쇼미더머니 11 Episode 1,2022.12.03
그루비룸 (GroovyRoom),쇼미더머니 11 Episode 1,2022.12.03
이영지,쇼미더머니 11 Episode 1,2022.12.03
릴러말즈 (Leellamarz),쇼미더머니 11 Episode 1,2022.12.03
노윤하,쇼미더머니 11 Episode 2,2022.12.10
이영지,쇼미더머니 11 Episode 3,2022.12.17
던말릭 (DON MALIK),쇼미더머니 11 Episode 3,2022.12.17
KHAN,쇼미더머니 11 Episode 3,2022.12.17
NSW yoon,쇼미더머니 11 Episode 3,2022.12.17
허성현 (rosy),쇼미더머니 11 Semi Final,2022.12.24
던말릭 (DON MALIK),쇼미더머니 11 Semi Final,2022.12.24
이영지,쇼미더머니 11 Semi Final,2022.12.24
성시경,국화꽃 향기 OST,2003.02.01
Say Yes!,BOYS PLANET - ARTIST BATTLE,2023.04.06
김필,복면가왕 47회,2016.02.21
NCT U,Golden Age - The 4th Album,2023.08.28
다이나믹 듀오,스트릿 우먼 파이터2(SWF2) 계급미션,2023.09.05
Crush,스트릿 우먼 파이터2(SWF2) 계급미션,2023.09.05
미연 (MIYEON),스트릿 우먼 파이터2(SWF2) 계급미션,2023.09.05
폴킴,'키스 먼저 할까요?' OST Part.3,2018.03.20
2PM,MUST,2021.06.28
2AM,Ballad 21 F/W,2021.11.01
